0,872,-174.0
1,873,-174.0
2,124,-73.0
3,4,-97.0
3,36,-99.0
3,847,-134.0
4,86,-112.0
4,110,-112.0
5,6,-113.0
5,13,-160.0
5,17,-174.0
5,32,-174.0
5,37,-173.0
5,874,-174.0
5,875,-160.0
5,876,-139.0
5,289,-166.0
5,877,-174.0
5,878,-113.0
5,626,-174.0
6,12,-143.0
6,42,-158.0
6,879,-156.0
6,131,-151.0
6,156,-149.0
6,165,-165.0
6,422,-151.0
6,490,-162.0
6,880,-151.0
6,881,-151.0
6,853,-151.0
6,882,-151.0
6,854,-151.0
6,883,-149.0
6,884,-151.0
6,783,-151.0
6,787,-151.0
6,791,-151.0
6,885,-151.0
6,886,-151.0
6,797,-151.0
6,887,-151.0
7,8,-158.0
7,31,-143.0
7,157,-174.0
7,178,-149.0
7,187,-174.0
7,888,-124.0
7,889,-144.0
7,890,-149.0
7,891,-152.0
7,651,-149.0
7,892,-149.0
7,893,-149.0
7,725,-174.0
7,894,-174.0
8,48,-149.0
8,146,-130.0
8,895,-87.0
8,187,-174.0
8,896,-161.0
8,586,-149.0
9,25,-109.0
9,57,-171.0
9,93,-173.0
10,46,-174.0
10,49,-131.0
10,108,-174.0
10,839,-145.0
10,897,-101.0
10,898,-174.0
10,899,-145.0
10,900,-174.0
10,264,-174.0
10,901,-174.0
10,323,-146.0
10,902,-145.0
11,903,-172.0
11,203,-147.0
11,904,-144.0
12,43,-87.0
12,905,-170.0
12,906,-162.0
12,907,-161.0
12,300,-174.0
12,317,-174.0
12,344,-152.0
12,908,-174.0
12,909,-145.0
12,910,-170.0
12,524,-165.0
12,560,-174.0
12,911,-162.0
12,912,-161.0
13,23,-158.0
13,37,-169.0
13,875,-163.0
13,88,-151.0
13,139,-170.0
13,913,-174.0
14,22,-174.0
14,24,-171.0
14,32,-146.0
14,914,-174.0
14,915,-172.0
14,916,-174.0
14,337,-174.0
14,917,-174.0
14,918,-174.0
14,919,-174.0
14,920,-174.0
14,921,-166.0
14,488,-149.0
14,922,-174.0
14,923,-174.0
14,924,-174.0
15,413,-160.0
16,131,-157.0
17,53,-174.0
17,154,-174.0
17,280,-162.0
17,437,-174.0
17,925,-174.0
17,463,-174.0
18,48,-174.0
18,69,-153.0
18,926,-174.0
19,838,-109.0
19,239,-165.0
20,927,-168.0
21,187,-174.0
21,928,-144.0
21,929,-174.0
22,930,-158.0
22,931,-159.0
23,54,-174.0
23,83,-169.0
23,932,-144.0
23,300,-174.0
23,933,-174.0
23,934,-174.0
23,935,-158.0
23,936,-152.0
23,937,-149.0
24,938,-154.0
24,888,-171.0
24,297,-151.0
24,939,-174.0
24,850,-85.0
24,940,-141.0
24,941,-141.0
24,942,-155.0
24,713,-85.0
24,943,-85.0
24,944,-85.0
24,945,-85.0
24,946,-85.0
24,947,-85.0
24,948,-85.0
24,949,-85.0
24,950,-85.0
24,951,-85.0
24,952,-85.0
24,953,-85.0
24,954,-85.0
24,955,-85.0
24,754,-85.0
24,956,-85.0
24,957,-85.0
24,958,-85.0
24,959,-85.0
24,960,-85.0
24,961,-171.0
25,897,-101.0
25,962,-174.0
26,963,-95.0
26,964,-152.0
27,117,-171.0
27,138,-174.0
27,209,-174.0
27,297,-151.0
27,933,-174.0
27,965,-174.0
27,966,-174.0
28,863,-152.0
28,964,-154.0
29,126,-124.0
30,38,-174.0
30,967,-174.0
30,968,-174.0
30,153,-174.0
30,916,-174.0
30,969,-174.0
30,849,-151.0
30,936,-142.0
31,95,-144.0
31,970,-168.0
31,971,-174.0
31,458,-167.0
32,53,-174.0
32,94,-174.0
32,972,-174.0
32,973,-173.0
32,974,-174.0
32,975,-173.0
32,976,-99.0
32,977,-146.0
32,978,-174.0
32,676,-173.0
33,979,-131.0
34,878,-113.0
34,586,-149.0
34,980,-170.0
34,770,-134.0
34,771,-134.0
34,772,-134.0
35,90,-87.0
35,981,-130.0
35,982,-174.0
36,86,-115.0
36,983,-174.0
36,984,-154.0
36,985,-164.0
37,986,-168.0
38,73,-151.0
38,906,-162.0
38,987,-172.0
38,988,-172.0
39,173,-165.0
39,238,-174.0
39,437,-173.0
39,989,-153.0
40,41,-174.0
40,92,-158.0
40,990,-165.0
40,991,-172.0
40,992,-168.0
41,164,-174.0
41,192,-165.0
41,993,-158.0
41,351,-138.0
41,994,-174.0
41,995,-169.0
42,131,-157.0
42,139,-158.0
42,326,-162.0
43,996,-130.0
43,546,-172.0
44,49,-174.0
44,51,-131.0
44,66,-169.0
44,136,-174.0
44,137,-170.0
44,970,-168.0
44,997,-127.0
44,998,-172.0
45,863,-171.0
46,51,-174.0
47,999,-168.0
47,1000,-174.0
47,1001,-137.0
48,328,-74.0
49,57,-109.0
49,1002,-164.0
50,62,-169.0
50,64,-174.0
51,264,-88.0
52,331,-158.0
53,888,-124.0
53,289,-158.0
53,917,-174.0
53,1003,-144.0
53,942,-155.0
53,686,-118.0
53,1004,-118.0
54,1005,-151.0
54,1006,-87.0
55,1007,-143.0
55,1008,-148.0
55,281,-169.0
55,468,-149.0
55,1009,-171.0
55,1010,-171.0
55,1011,-156.0
56,79,-146.0
56,117,-149.0
56,178,-145.0
56,1012,-115.0
56,184,-149.0
56,1013,-145.0
56,890,-167.0
56,893,-149.0
57,1014,-174.0
58,141,-70.0
58,183,-174.0
58,205,-70.0
59,154,-174.0
60,103,-174.0
60,156,-174.0
60,165,-165.0
60,1015,-158.0
60,1016,-174.0
60,1017,-139.0
61,1018,-159.0
61,1019,-157.0
62,66,-66.0
62,1020,-146.0
62,997,-174.0
62,185,-174.0
62,1021,-174.0
62,471,-151.0
63,87,-174.0
63,216,-75.0
63,1022,-66.0
63,908,-174.0
64,181,-174.0
64,217,-174.0
64,1023,-159.0
64,412,-159.0
65,67,-147.0
65,855,-170.0
66,115,-170.0
66,118,-140.0
66,997,-174.0
67,458,-167.0
68,1024,-174.0
68,527,-165.0
68,528,-165.0
68,531,-165.0
68,538,-165.0
68,929,-174.0
69,875,-129.0
69,1015,-158.0
69,936,-142.0
69,1025,-169.0
69,1026,-169.0
70,116,-172.0
70,1027,-150.0
71,897,-145.0
71,962,-174.0
71,345,-145.0
71,1028,-174.0
71,436,-174.0
71,550,-145.0
71,1029,-145.0
71,1030,-145.0
72,840,-134.0
72,842,-161.0
72,843,-161.0
72,186,-161.0
72,1031,-174.0
72,1032,-152.0
73,148,-160.0
73,1033,-174.0
73,439,-142.0
74,1005,-151.0
74,171,-165.0
74,260,-174.0
74,1034,-151.0
74,1035,-149.0
75,1036,-146.0
75,278,-138.0
75,1037,-148.0
76,318,-159.0
76,324,-169.0
76,1038,-159.0
76,493,-159.0
77,1039,-174.0
77,225,-101.0
77,239,-174.0
77,1040,-166.0
77,1041,-142.0
77,1042,-142.0
78,101,-172.0
78,771,-134.0
79,178,-169.0
79,184,-85.0
80,907,-161.0
80,1043,-154.0
80,1044,-161.0
81,96,-138.0
81,110,-164.0
81,215,-164.0
82,314,-132.0
82,1045,-144.0
82,891,-168.0
83,1046,-164.0
84,188,-150.0
84,448,-174.0
84,861,-164.0
85,123,-146.0
85,976,-99.0
85,1047,-164.0
85,1048,-138.0
85,777,-157.0
86,972,-174.0
86,974,-174.0
87,90,-141.0
87,113,-141.0
87,179,-174.0
87,236,-162.0
87,240,-159.0
87,360,-141.0
87,1049,-141.0
87,1050,-141.0
87,673,-141.0
88,146,-149.0
88,1051,-149.0
89,136,-131.0
89,1052,-85.0
89,1053,-85.0
90,106,-132.0
90,163,-141.0
90,181,-165.0
90,236,-165.0
90,290,-141.0
90,1023,-159.0
90,1054,-174.0
90,1055,-174.0
90,412,-159.0
90,442,-141.0
90,1049,-159.0
90,1050,-159.0
90,1056,-159.0
90,1057,-159.0
90,719,-174.0
90,1058,-132.0
90,856,-132.0
91,181,-165.0
91,1023,-165.0
91,412,-174.0
91,1059,-164.0
91,1060,-162.0
92,1061,-174.0
93,1062,-170.0
93,105,-151.0
93,1063,-151.0
94,128,-158.0
95,932,-144.0
96,847,-160.0
96,1064,-138.0
97,114,-143.0
98,283,-174.0
99,352,-145.0
99,1065,-170.0
100,1066,-174.0
101,1067,-174.0
102,222,-174.0
102,1068,-109.0
102,401,-174.0
102,427,-174.0
102,1069,-174.0
102,1070,-174.0
102,607,-174.0
102,1071,-174.0
102,757,-174.0
102,1072,-140.0
103,1073,-165.0
104,162,-66.0
104,163,-174.0
104,1074,-174.0
104,519,-174.0
104,535,-174.0
104,1075,-174.0
105,265,-174.0
105,1063,-174.0
105,547,-174.0
105,647,-174.0
105,1076,-174.0
106,150,-132.0
106,214,-152.0
106,323,-129.0
106,436,-174.0
106,1077,-129.0
106,1078,-174.0
107,118,-156.0
107,986,-139.0
107,1079,-168.0
107,1080,-161.0
108,1081,-174.0
109,161,-168.0
110,1082,-174.0
110,627,-112.0
111,1083,-158.0
112,262,-174.0
112,1084,-174.0
112,805,-174.0
113,182,95.0
113,284,-130.0
113,1085,-158.0
113,1086,-174.0
113,654,-174.0
113,1075,-174.0
113,1087,-174.0
113,1088,-98.0
113,736,-98.0
113,737,-98.0
113,738,-98.0
113,739,-98.0
113,1089,-98.0
114,326,-162.0
114,490,-162.0
114,566,-162.0
114,631,-162.0
114,635,-162.0
114,637,-162.0
114,639,-162.0
114,643,-162.0
114,645,-157.0
115,145,-174.0
116,770,-134.0
117,184,-85.0
117,651,-149.0
118,1079,-168.0
119,1090,-164.0
119,170,-174.0
119,1091,-164.0
120,196,-174.0
120,1092,-174.0
120,1093,-174.0
120,596,-174.0
121,1094,-88.0
122,1095,-171.0
123,645,-162.0
123,1096,-167.0
124,1097,-174.0
125,1098,-164.0
125,728,-174.0
126,1099,-174.0
127,940,-141.0
128,217,-87.0
129,1100,-174.0
130,1082,-164.0
130,170,-174.0
130,1101,-164.0
131,235,-93.0
131,306,-160.0
131,1102,-174.0
132,135,-173.0
132,1103,-153.0
133,179,-140.0
133,324,-169.0
134,1104,-171.0
134,1105,-171.0
134,532,-161.0
134,545,-161.0
134,553,-161.0
134,1106,-161.0
134,665,-161.0
134,666,-161.0
135,482,-162.0
136,1107,-172.0
137,185,-174.0
137,855,-169.0
138,189,-174.0
138,209,-118.0
138,1108,-154.0
138,317,-174.0
138,332,-174.0
138,485,-174.0
138,577,-174.0
138,578,-174.0
138,1109,-98.0
138,1110,-174.0
139,1008,-148.0
139,1111,-171.0
140,1112,-149.0
141,1113,-174.0
142,916,-174.0
142,1114,-141.0
143,969,-174.0
143,1115,-174.0
143,1116,-174.0
144,1022,-174.0
145,1066,-88.0
146,1051,-149.0
147,1117,-73.0
148,253,-157.0
148,291,-137.0
149,1118,-159.0
149,1047,-164.0
150,1119,-118.0
151,206,-149.0
152,331,-172.0
152,1120,-172.0
153,936,-152.0
153,1121,-162.0
154,1122,-174.0
154,463,-174.0
155,970,-131.0
155,1123,-174.0
156,165,-164.0
156,1124,-147.0
157,1033,-87.0
157,1034,-151.0
157,1125,-174.0
158,932,-144.0
159,1126,-149.0
160,1127,-155.0
161,1002,-148.0
162,1128,-155.0
162,1119,-155.0
163,179,-174.0
163,236,-164.0
163,1056,-141.0
163,1057,-141.0
164,1129,-174.0
164,484,-165.0
165,180,-157.0
165,1111,-153.0
165,1130,-174.0
166,1131,-116.0
167,170,-174.0
168,1054,-174.0
169,191,-130.0
169,258,-169.0
170,1132,-164.0
171,559,-174.0
171,1133,-174.0
172,1134,-172.0
173,233,-174.0
174,1135,-95.0
174,1136,-174.0
174,354,-174.0
175,241,-172.0
175,1137,-169.0
176,317,-174.0
176,401,-174.0
176,481,-154.0
176,603,-174.0
176,1138,-174.0
177,197,-158.0
177,1139,-158.0
177,1140,-169.0
178,1013,-145.0
178,1141,-149.0
179,236,-129.0
179,242,-143.0
179,500,-174.0
180,308,-147.0
181,236,-149.0
182,220,-134.0
182,245,-174.0
182,1142,-174.0
182,1143,-174.0
183,1144,-174.0
184,1145,-157.0
185,855,-127.0
186,254,-170.0
186,1146,-157.0
187,495,-174.0
188,861,-112.0
189,287,-118.0
189,966,-174.0
189,580,-98.0
189,1147,-98.0
189,1148,-151.0
190,207,-174.0
191,1055,-149.0
191,1149,-149.0
191,1150,-135.0
192,484,-174.0
192,1151,-174.0
193,903,-153.0
193,647,-151.0
194,1152,-174.0
194,1153,-166.0
195,1154,-174.0
196,609,-158.0
197,247,-158.0
198,884,-151.0
199,1155,-174.0
200,1128,-155.0
201,224,-174.0
201,1156,-159.0
202,1108,-137.0
202,1157,-151.0
203,1158,-147.0
204,1159,-174.0
205,1160,-174.0
206,278,-151.0
206,1161,-151.0
207,912,-161.0
208,1162,-73.0
209,287,-174.0
209,1163,-154.0
209,1164,-174.0
209,1165,-98.0
209,1166,-174.0
209,579,-174.0
209,1167,-151.0
210,1121,-162.0
210,700,-174.0
211,1168,-174.0
211,993,-174.0
212,1169,-158.0
212,1170,-174.0
212,940,-168.0
212,1171,-174.0
213,262,-174.0
213,484,-174.0
213,614,-174.0
213,1172,-168.0
214,1022,-152.0
214,1173,-140.0
215,1101,-174.0
216,249,-163.0
217,1021,-174.0
218,923,-174.0
219,1171,-174.0
220,234,-160.0
220,1174,-150.0
221,1175,5.0
222,1176,-174.0
222,1177,-154.0
223,990,-174.0
223,1178,-153.0
224,1179,-158.0
225,1180,-174.0
226,1181,-174.0
226,1116,-174.0
227,265,-174.0
228,299,-174.0
229,1182,-165.0
229,1183,-174.0
230,1184,-174.0
231,475,-169.0
232,463,-174.0
232,1185,-174.0
232,1186,-126.0
233,1187,-87.0
234,245,-147.0
234,1188,-150.0
235,1189,-93.0
236,1023,-165.0
236,412,-165.0
236,520,-113.0
237,1151,-153.0
238,259,-165.0
238,1190,-174.0
239,1191,-165.0
240,1049,-159.0
240,1050,-159.0
241,772,-134.0
242,1023,-146.0
243,1192,-105.0
243,1193,-155.0
244,393,-87.0
245,1194,-147.0
246,870,-174.0
247,1195,-174.0
248,1196,-174.0
249,1197,-174.0
250,256,-174.0
250,598,-174.0
250,1198,-174.0
250,1199,-174.0
251,1200,-131.0
252,1201,-173.0
253,1006,-157.0
254,302,-81.0
255,1202,-174.0
255,1203,-130.0
256,1204,-154.0
256,597,-174.0
257,1205,-174.0
258,1206,-151.0
258,1207,-98.0
258,1208,-98.0
258,1209,-98.0
259,1210,-174.0
259,619,-174.0
259,1211,-174.0
260,480,-174.0
261,995,-169.0
262,614,-174.0
262,1084,-168.0
263,1212,-174.0
264,1213,-131.0
265,1214,-174.0
266,1215,-87.0
267,860,-174.0
268,1216,-87.0
269,648,-168.0
270,741,-98.0
270,742,-98.0
271,1217,-174.0
271,1156,-174.0
272,1218,-162.0
273,1128,-118.0
273,976,-152.0
273,1058,-132.0
274,1219,-109.0
275,1220,-128.0
276,320,-174.0
277,1221,-146.0
277,680,-161.0
277,681,-161.0
278,1124,-93.0
278,1161,-151.0
278,1222,-93.0
279,1223,-169.0
280,1224,-162.0
281,1225,-93.0
282,1055,-174.0
282,1226,-174.0
282,1227,-149.0
283,1228,-174.0
284,939,-174.0
285,1229,-112.0
286,1230,-174.0
287,562,-98.0
287,965,-174.0
287,582,-98.0
287,1231,-151.0
288,495,-163.0
289,1232,-139.0
290,1233,-141.0
291,1006,-174.0
292,1234,-174.0
293,1225,-161.0
294,1235,-169.0
295,1236,-174.0
296,301,-165.0
297,1237,-130.0
298,469,-174.0
299,1238,-174.0
300,725,-174.0
301,1239,-134.0
302,386,-169.0
303,394,-174.0
303,421,-174.0
303,851,-174.0
303,994,-174.0
304,1240,-132.0
305,904,-165.0
305,1239,-155.0
306,1241,-93.0
307,1242,-127.0
308,1031,-171.0
309,1243,-49.0
310,391,-174.0
310,414,-174.0
311,465,-166.0
311,545,-166.0
311,1244,-148.0
311,663,-166.0
311,1245,-168.0
312,1246,-174.0
313,1152,-87.0
314,501,-168.0
315,1247,-153.0
315,1248,-168.0
316,1200,-109.0
317,560,-174.0
317,605,-174.0
318,1249,-150.0
319,1250,-174.0
320,1251,-174.0
320,1098,-112.0
321,1252,-161.0
322,1253,-164.0
322,1254,-157.0
323,345,-145.0
324,342,-87.0
324,344,-172.0
324,511,-150.0
325,712,-126.0
325,718,-94.0
326,1255,-162.0
326,632,-162.0
326,1256,-162.0
326,1257,-162.0
326,640,-162.0
326,1258,-162.0
326,1259,-162.0
326,1260,-157.0
327,419,-167.0
327,506,-167.0
328,1011,-156.0
329,977,-146.0
330,339,-152.0
330,1038,-173.0
331,1120,-172.0
332,1261,-140.0
332,560,-174.0
332,561,-98.0
332,1262,-174.0
333,1263,-163.0
334,1056,-159.0
334,1057,-159.0
335,1264,-141.0
335,937,-149.0
336,1265,-174.0
337,407,-174.0
337,1266,-174.0
338,1267,-130.0
338,1268,-173.0
338,1269,-130.0
339,1267,-174.0
339,520,-113.0
340,1270,-138.0
341,1271,-81.0
342,520,-144.0
342,1272,-150.0
343,1273,-130.0
344,500,-152.0
345,532,-161.0
345,1274,-170.0
345,663,-166.0
346,1275,-174.0
347,1276,-174.0
348,1277,-174.0
349,877,-174.0
350,1278,-174.0
351,1279,-138.0
352,1280,-145.0
353,1281,-130.0
354,1282,-174.0
355,667,-98.0
355,1283,-98.0
355,1284,-151.0
355,1285,-151.0
356,1286,-174.0
357,563,-142.0
357,1287,-155.0
358,382,-174.0
358,1288,-174.0
358,1289,-174.0
359,1290,-174.0
360,1291,-158.0
360,1292,-174.0
360,1293,-98.0
360,1294,-98.0
361,1295,-174.0
361,1296,-98.0
362,1297,-168.0
363,849,-151.0
364,1046,-164.0
365,935,-158.0
366,1003,-144.0
367,889,-144.0
368,920,-174.0
369,1035,-149.0
370,1137,-169.0
371,1027,-150.0
372,928,-144.0
373,984,-154.0
373,1298,-154.0
374,992,-168.0
375,1045,-144.0
376,975,-173.0
377,1073,-165.0
378,989,-153.0
379,1067,-174.0
380,1299,-174.0
381,1300,-174.0
381,1301,-160.0
382,1302,-174.0
383,1303,-174.0
384,1304,-170.0
385,1305,-169.0
386,1306,-154.0
387,762,-164.0
388,808,-165.0
389,1307,-174.0
390,1308,-174.0
391,461,-174.0
391,599,-174.0
392,1309,-174.0
393,918,-174.0
393,1010,-171.0
394,851,-174.0
394,1310,-174.0
395,462,-138.0
396,1311,-137.0
397,1312,-174.0
398,1313,-174.0
399,715,-154.0
400,1314,-138.0
401,560,-174.0
401,608,-174.0
401,1315,-174.0
401,1316,-140.0
402,1317,-166.0
403,429,-110.0
404,1318,-155.0
404,426,-165.0
405,1319,-164.0
406,1320,-158.0
407,1266,-171.0
408,467,-168.0
408,1321,-174.0
409,1322,-160.0
410,855,-174.0
411,1323,-149.0
412,1324,-146.0
413,1325,-154.0
414,461,-174.0
414,600,-174.0
414,1326,-174.0
415,1327,-171.0
416,1328,-174.0
417,1011,-87.0
418,931,-159.0
419,611,-116.0
419,612,-26.0
420,822,-127.0
421,994,-174.0
422,1329,-147.0
423,1330,-142.0
424,931,-159.0
425,1331,-174.0
426,1332,-97.0
427,606,-174.0
427,608,-174.0
428,521,-173.0
428,1333,-174.0
428,808,-165.0
429,1334,-116.0
430,585,-87.0
431,1044,-161.0
432,1335,-87.0
433,1336,-174.0
434,1337,-174.0
435,1338,-138.0
436,1339,-174.0
436,1106,-161.0
437,1340,-174.0
438,925,-174.0
439,1341,-174.0
440,1342,-174.0
440,1343,-174.0
441,1344,-174.0
442,1345,-141.0
443,1096,-167.0
444,1133,-87.0
445,1346,-121.0
445,1264,-141.0
446,1347,-174.0
447,1348,-130.0
448,1349,-174.0
448,1350,-174.0
449,941,-141.0
450,456,-77.0
451,462,-143.0
452,1341,-87.0
453,1351,-137.0
454,1352,-164.0
454,1353,-174.0
455,1354,-158.0
456,1111,-171.0
456,1355,-93.0
456,887,-151.0
457,909,-145.0
458,488,-149.0
459,471,-169.0
460,1356,-164.0
460,1357,-162.0
460,1358,-129.0
461,1359,-174.0
461,1360,-154.0
462,570,-93.0
463,1361,-174.0
464,1362,-158.0
465,1363,-166.0
465,1244,-148.0
466,1364,-143.0
467,1365,-108.0
468,1366,-147.0
469,1366,-93.0
469,1367,-169.0
470,1368,-168.0
471,1369,-169.0
472,1370,-149.0
473,1371,-174.0
474,535,-164.0
475,656,-93.0
476,1004,-118.0
477,979,-131.0
478,1372,-116.0
479,1373,-140.0
480,1374,-174.0
481,1375,-137.0
482,1376,-162.0
482,546,-172.0
483,1377,-149.0
484,1247,-174.0
484,1378,-168.0
485,503,-174.0
486,910,-162.0
487,1379,-166.0
488,1380,-149.0
489,1163,-174.0
490,1255,-162.0
491,1074,-174.0
492,1381,-174.0
493,1268,-174.0
494,525,-157.0
495,610,-163.0
496,852,-115.0
497,1382,-172.0
498,1383,-139.0
499,515,-162.0
499,631,-162.0
500,1384,-174.0
501,1385,-152.0
502,910,-170.0
502,1357,-141.0
503,1386,-151.0
504,1387,-174.0
504,1388,-161.0
505,542,-157.0
506,1389,-167.0
507,1390,-145.0
508,1391,-101.0
509,1392,-174.0
509,1146,-165.0
510,540,-171.0
510,542,-171.0
511,1272,-174.0
511,1393,-147.0
512,1394,-87.0
513,1395,-174.0
514,1396,-174.0
515,1255,-162.0
516,1257,-162.0
516,638,-162.0
517,1256,-162.0
517,636,-162.0
518,1259,-162.0
518,644,-162.0
519,535,-141.0
519,1397,-174.0
520,655,-152.0
520,1398,-98.0
521,1399,-165.0
521,1400,-144.0
521,1401,-137.0
522,1402,-160.0
523,1403,-174.0
524,797,-165.0
525,1404,-169.0
525,1026,-169.0
526,1405,-142.0
527,1406,-165.0
528,1407,-165.0
529,1408,-174.0
530,1258,-162.0
530,642,-162.0
531,1409,-165.0
532,545,-166.0
532,661,-174.0
533,654,-174.0
534,1410,-150.0
534,1411,-174.0
535,1412,-174.0
536,1413,-173.0
536,1414,-174.0
537,1415,-154.0
538,1416,-165.0
539,1417,-174.0
540,1418,-171.0
541,548,-157.0
542,1418,-171.0
543,546,-174.0
544,1419,-174.0
545,550,-145.0
545,662,-174.0
545,663,-161.0
546,1420,-172.0
547,1421,-174.0
548,1422,-170.0
549,1423,-174.0
550,553,-150.0
550,1030,-174.0
550,1424,-174.0
551,1425,-153.0
552,1426,-174.0
552,1427,-105.0
553,666,-174.0
554,1428,-174.0
555,1429,-164.0
555,1430,-153.0
556,694,-98.0
557,1306,-140.0
557,767,-171.0
558,1254,-164.0
559,649,-174.0
560,606,-174.0
561,1431,-174.0
562,1147,-118.0
562,1432,-151.0
563,677,-174.0
564,1433,-174.0
565,1434,-171.0
566,1435,-162.0
566,1258,-162.0
567,1436,-152.0
568,880,-93.0
568,1048,-93.0
569,881,-93.0
569,1338,-93.0
570,853,-93.0
571,882,-93.0
571,1437,-93.0
572,854,-93.0
572,1314,-93.0
573,883,-93.0
573,1438,-93.0
574,1438,-138.0
575,1437,-138.0
576,1439,-143.0
577,1440,-174.0
577,1441,-118.0
578,966,-174.0
579,965,-174.0
580,581,-168.0
581,1442,-151.0
582,583,-168.0
583,1443,-151.0
584,1298,-154.0
584,1444,-99.0
584,628,-115.0
585,1009,-171.0
586,1445,-149.0
587,902,-145.0
588,1446,-164.0
589,1394,-130.0
590,591,-161.0
590,1447,-174.0
591,1009,-147.0
592,595,-161.0
592,1010,-147.0
593,1448,-174.0
593,1449,-174.0
594,1450,-174.0
594,1451,-174.0
595,1452,-174.0
596,1453,-174.0
597,1454,-174.0
598,1455,-174.0
599,1456,-174.0
600,601,-174.0
601,1457,-174.0
602,1457,-174.0
603,1458,-174.0
604,1198,-174.0
604,1199,-174.0
605,1138,-174.0
606,607,-174.0
607,608,-174.0
608,1071,-174.0
609,1459,-163.0
610,1460,-163.0
611,612,-116.0
612,1461,-116.0
613,614,-130.0
613,1462,-168.0
614,616,-153.0
615,1463,-174.0
616,1464,-168.0
617,1248,-153.0
617,1378,-174.0
618,1464,-153.0
618,1084,-174.0
618,1172,-174.0
619,1465,-87.0
620,1466,-174.0
621,1467,-174.0
621,1468,-165.0
622,1469,-173.0
623,1059,-164.0
624,1060,-162.0
624,1470,-174.0
625,1471,-154.0
625,1472,-154.0
626,629,-174.0
627,628,-112.0
628,978,-174.0
629,1473,-155.0
630,911,-162.0
630,924,-174.0
631,632,-162.0
632,633,-162.0
633,634,-162.0
634,635,-162.0
635,1256,-162.0
636,637,-162.0
637,1257,-162.0
638,639,-162.0
639,640,-162.0
640,641,-162.0
641,1435,-162.0
642,643,-162.0
643,1259,-162.0
644,645,-162.0
645,1260,-157.0
646,1474,-134.0
647,1475,-174.0
648,1476,-108.0
649,1477,-153.0
650,1478,-165.0
651,892,-149.0
652,1385,-152.0
653,1385,-158.0
654,740,-98.0
654,745,-98.0
655,1272,-161.0
656,657,-161.0
657,1011,-147.0
658,1312,-174.0
659,1119,-155.0
660,1479,-174.0
661,662,-174.0
662,1424,-174.0
663,1030,-145.0
664,665,-174.0
665,666,-161.0
666,1424,-150.0
667,1480,-151.0
668,1481,-108.0
669,1478,-165.0
670,1482,-174.0
671,1041,-129.0
672,1483,-169.0
673,1484,-158.0
674,1485,-158.0
675,857,-158.0
676,1486,-173.0
677,1487,-174.0
678,1488,-174.0
679,1489,-174.0
680,681,-98.0
680,1490,-161.0
681,1491,-161.0
682,684,-130.0
683,1492,-130.0
684,1493,-87.0
685,1492,-87.0
686,1494,-118.0
687,1495,-87.0
687,692,-98.0
688,1496,-98.0
688,1497,-98.0
688,958,-85.0
689,818,-98.0
689,1498,-98.0
689,1499,-98.0
689,1500,-98.0
690,1501,-98.0
691,698,-130.0
691,1502,-153.0
692,1503,-98.0
692,1504,-98.0
693,708,-145.0
693,1505,-98.0
693,1506,-98.0
693,1507,-145.0
694,1508,-174.0
695,1405,-137.0
696,1509,-174.0
697,731,-98.0
698,1510,-151.0
699,1511,-98.0
699,1512,-98.0
699,749,-98.0
700,1513,-98.0
700,805,-98.0
700,1514,-174.0
701,1515,-153.0
701,943,-85.0
701,1516,-130.0
702,809,-173.0
703,810,-174.0
703,1517,-70.0
703,1518,-149.0
704,1519,-130.0
705,1520,-109.0
706,1521,-147.0
707,1522,-174.0
708,1506,-145.0
709,1523,-164.0
710,960,-85.0
711,1076,-151.0
711,800,-145.0
711,811,-145.0
712,1524,-125.0
713,1499,-85.0
714,1525,-174.0
715,1526,-140.0
716,1526,-164.0
716,1527,-171.0
717,1528,-171.0
718,1524,-126.0
719,1529,-174.0
720,1506,-145.0
721,1530,-93.0
722,1530,-93.0
723,856,-132.0
724,1531,-170.0
725,894,-174.0
726,1532,-145.0
726,1533,-145.0
727,1532,-174.0
728,1534,-174.0
729,1535,-174.0
730,1360,-137.0
731,1536,-98.0
731,793,-98.0
732,743,-98.0
732,744,-98.0
733,1537,-130.0
734,1329,-93.0
735,1538,-98.0
736,1539,-174.0
737,1540,-174.0
738,1541,-174.0
739,1542,-174.0
740,1543,-98.0
741,944,-85.0
742,945,-85.0
742,946,-85.0
743,949,-85.0
743,950,-85.0
744,947,-85.0
744,948,-85.0
745,1544,-98.0
746,1545,-174.0
747,951,-85.0
748,952,-85.0
749,953,-85.0
750,1546,-98.0
750,954,-85.0
751,957,-85.0
752,955,-85.0
753,956,-85.0
754,957,-85.0
755,959,-85.0
756,813,-169.0
757,1547,-174.0
758,1548,-174.0
759,1549,-163.0
760,1550,-163.0
761,1551,-154.0
762,1552,-164.0
763,1553,-174.0
763,1452,-152.0
764,1554,-109.0
765,1555,-154.0
766,1556,-154.0
767,1557,-157.0
768,1558,-174.0
769,1559,-171.0
769,1560,-134.0
769,1561,-134.0
769,1562,-134.0
769,1445,-149.0
770,1560,-134.0
771,1561,-134.0
772,1562,-134.0
773,1563,-174.0
774,1564,-138.0
775,1565,-138.0
776,886,-151.0
777,778,-160.0
778,1140,-163.0
779,1566,-171.0
780,781,-138.0
781,782,-93.0
782,783,-93.0
783,784,-151.0
784,785,-138.0
785,786,-93.0
786,787,-93.0
787,788,-151.0
788,789,-138.0
789,790,-93.0
790,791,-93.0
791,1567,-151.0
792,1568,-174.0
793,1569,-174.0
794,885,-93.0
795,886,-93.0
796,1570,-98.0
796,1571,-98.0
796,827,-137.0
797,1572,-151.0
798,799,-93.0
799,887,-147.0
800,1573,-145.0
801,1574,-98.0
802,803,-130.0
803,1575,-153.0
804,1576,-130.0
805,806,-98.0
805,1514,-174.0
806,1514,-174.0
807,1514,-174.0
808,1399,-173.0
809,1577,-165.0
810,1578,-174.0
811,1579,-145.0
812,1580,-174.0
813,1581,-174.0
814,816,-174.0
815,816,-174.0
816,817,-174.0
816,1582,-174.0
817,1583,-174.0
817,1582,-174.0
818,1584,-98.0
819,1585,-174.0
820,1447,-152.0
821,1586,-137.0
822,823,-127.0
823,1587,-127.0
824,1588,-98.0
824,1589,-98.0
825,1590,-98.0
826,1591,-174.0
827,1592,-98.0
827,1593,-98.0
827,1594,-151.0
827,1595,-151.0
828,1042,-129.0
829,1596,-145.0
830,1597,-145.0
831,1146,-157.0
832,1598,-149.0
833,834,-174.0
834,1599,-174.0
835,836,-147.0
835,1600,-147.0
836,1600,-147.0
3,914,-174.0
3,142,-174.0
3,262,-174.0
3,999,-168.0
3,426,-165.0
3,448,-174.0
3,1220,-128.0
3,1307,-174.0
3,1334,-116.0
3,1344,-174.0
3,497,-172.0
3,1364,-143.0
3,1392,-174.0
3,1332,-97.0
3,1317,-166.0
3,559,-174.0
3,581,-168.0
3,583,-168.0
3,1434,-171.0
3,611,-116.0
3,612,-116.0
3,1461,-116.0
3,1248,-168.0
3,1464,-168.0
3,1378,-168.0
3,1084,-168.0
3,1172,-168.0
3,1462,-168.0
3,1483,-169.0
3,808,-165.0
3,1399,-165.0
3,1577,-165.0
3,834,-174.0
3,1599,-174.0
3,836,-147.0
3,1598,-149.0
3,1336,-174.0
5,8,-174.0
5,22,-174.0
5,94,-174.0
6,88,-151.0
6,1210,-174.0
6,403,-110.0
6,423,-142.0
6,1153,-166.0
6,439,-142.0
6,872,-174.0
6,468,-149.0
6,921,-166.0
6,910,-173.0
6,1387,-174.0
6,1548,-174.0
7,14,-174.0
7,17,-174.0
7,23,-158.0
7,36,-174.0
7,38,-172.0
7,40,-158.0
7,41,-158.0
7,44,-168.0
7,53,-158.0
7,70,-172.0
7,101,-172.0
7,154,-174.0
7,175,-172.0
7,196,-158.0
7,224,-158.0
7,463,-174.0
7,1385,-158.0
8,13,-158.0
8,22,-174.0
8,78,-172.0
8,92,-158.0
8,116,-172.0
8,241,-172.0
8,289,-158.0
8,987,-172.0
8,993,-158.0
8,983,-174.0
8,1122,-174.0
8,1179,-158.0
8,609,-158.0
8,1361,-174.0
8,653,-158.0
9,323,-129.0
9,1304,-170.0
9,1389,-167.0
14,17,-174.0
15,1601,-74.0
16,87,-149.0
16,91,-174.0
16,106,-140.0
16,163,-149.0
16,179,-143.0
16,181,-149.0
16,214,-140.0
16,236,-174.0
16,919,-174.0
16,1055,-149.0
16,1126,-149.0
16,1069,-174.0
16,471,-151.0
16,1357,-149.0
16,1058,-140.0
17,32,-174.0
19,344,-172.0
19,346,-174.0
19,1390,-145.0
19,1274,-170.0
19,1192,-105.0
19,1193,-155.0
19,1411,-174.0
19,1423,-174.0
19,1425,-153.0
19,1427,-105.0
19,1419,-174.0
19,555,-153.0
19,1429,-164.0
19,1428,-174.0
19,1549,-163.0
19,1422,-170.0
19,1041,-129.0
19,1042,-129.0
22,94,-174.0
25,225,-101.0
25,345,-174.0
25,506,-167.0
25,1379,-166.0
25,1391,-101.0
25,550,-174.0
25,1030,-174.0
25,1424,-174.0
26,1602,-174.0
26,1135,-95.0
26,1136,-174.0
26,1043,-154.0
26,1603,-140.0
26,1337,-174.0
26,1261,-140.0
26,1339,-174.0
26,1479,-174.0
26,714,-174.0
26,1388,-161.0
26,1282,-174.0
26,1072,-140.0
26,1316,-140.0
26,1591,-174.0
30,1125,-174.0
30,1092,-174.0
31,40,-174.0
31,83,-169.0
32,79,-146.0
36,1012,-115.0
36,249,-174.0
42,777,-157.0
44,115,-170.0
44,855,-169.0
48,131,-174.0
48,156,-174.0
48,165,-174.0
48,915,-172.0
48,422,-151.0
52,1019,-157.0
53,1558,-174.0
55,1604,-156.0
57,899,-153.0
67,188,-150.0
67,1112,-149.0
67,320,-174.0
67,521,-173.0
67,525,-157.0
67,1399,-173.0
67,809,-173.0
67,1518,-149.0
532,837,-174.0
545,837,-174.0
837,1180,-174.0
837,1408,-174.0
837,1410,-150.0
837,1413,-173.0
550,837,-174.0
553,837,-150.0
837,1426,-174.0
661,837,-174.0
662,837,-174.0
665,837,-174.0
666,837,-150.0
837,1424,-174.0
837,1414,-174.0
75,883,-149.0
79,337,-174.0
85,1149,-149.0
85,1227,-149.0
87,144,-162.0
87,214,-173.0
92,971,-174.0
93,548,-157.0
93,1231,-151.0
93,1432,-151.0
93,647,-151.0
93,1206,-151.0
93,1443,-151.0
93,1442,-151.0
93,1148,-151.0
93,1167,-151.0
93,1157,-151.0
93,1386,-151.0
93,1076,-151.0
93,1510,-151.0
93,1550,-163.0
93,1551,-154.0
93,1480,-151.0
93,1284,-151.0
93,1285,-151.0
93,1594,-151.0
93,1595,-151.0
465,838,-174.0
545,838,-174.0
838,1415,-154.0
662,838,-174.0
663,838,-174.0
839,1605,-145.0
115,855,-170.0
115,980,-170.0
117,1380,-149.0
117,1404,-169.0
840,842,-161.0
118,1014,-174.0
144,910,-162.0
144,1357,-162.0
148,847,-160.0
148,1405,-137.0
841,1606,-166.0
152,348,-174.0
152,1347,-174.0
152,1403,-174.0
186,842,-161.0
163,844,-164.0
186,843,-161.0
181,845,-149.0
184,1380,-149.0
844,1356,-164.0
535,844,-164.0
236,845,-174.0
846,850,-85.0
253,847,-160.0
847,1301,-160.0
848,850,-85.0
393,1093,-174.0
395,881,-151.0
400,1118,-159.0
400,882,-151.0
849,873,-174.0
850,1607,-85.0
851,994,-174.0
433,1299,-174.0
435,1319,-164.0
435,880,-151.0
584,852,-115.0
575,853,-151.0
574,854,-151.0
585,596,-174.0
585,922,-174.0
724,855,-170.0
855,980,-170.0
856,1608,-140.0
857,885,-151.0
815,817,-174.0
3,1609,-147.0
8,18,-26.0
858,1395,-159.0
859,1610,-172.0
135,1103,-174.0
860,1611,-174.0
861,1612,-161.0
862,1613,-158.0
11,1614,-172.0
11,746,-144.0
26,28,-174.0
27,386,-154.0
27,399,-154.0
28,1123,-174.0
28,1261,-174.0
28,1607,-85.0
28,1072,-174.0
28,1316,-174.0
45,680,-98.0
45,961,-171.0
841,863,-166.0
53,1615,-174.0
95,139,-144.0
864,1606,-166.0
139,1037,-148.0
289,841,-166.0
848,865,-85.0
546,866,-172.0
867,1616,-174.0
246,394,-174.0
846,868,-85.0
289,1606,-166.0
303,870,-174.0
868,1606,-166.0
688,869,-85.0
751,869,-85.0
753,869,-85.0
869,957,-85.0
870,994,-174.0
870,1617,-174.0
816,870,-174.0
817,870,-174.0
710,871,-85.0
755,871,-85.0