0,4,5
0,8,5
0,3,10
0,7,12
1,2395,2
1,2394,3
1,2,6
1,2396,4
1,2393,3
2,2396,8
2,3,10
2,2395,6
3,4,7
3,2396,9
4,8,1
5,7,8
5,6,8
6,9,20
6,7,17
7,8,9
9,10,22
10,11,19
11,13,11
11,12,11
12,13,5
12,14,8
12,15,6
13,15,6
13,16,8
13,14,8
14,15,9
15,16,10
15,17,4
16,17,7
16,18,12
17,18,7
18,19,12
19,20,11
19,21,6
20,21,6
20,23,12
21,23,6
21,22,5
21,24,3
22,24,7
22,25,10
22,23,9
23,24,8
24,25,8
24,26,2
25,26,6
25,27,11
26,27,5
27,28,11
27,244,8
28,244,9
29,32,37
29,31,3
29,30,26
30,31,28
30,57,31
30,54,58
31,32,38
31,57,8
32,33,84
33,280,105
34,56,57
34,36,39
34,51,36
34,35,54
35,36,42
35,43,57
35,40,29
36,56,45
36,43,43
38,39,3
38,41,1
39,40,2
39,41,0
39,42,16
40,43,30
40,42,17
40,44,1
40,41,1
41,42,16
41,45,1
41,46,14
42,44,16
42,46,31
42,49,18
42,43,45
42,45,17
43,44,29
44,49,1
44,50,4
44,46,16
45,46,16
45,47,19
45,48,20
46,49,17
46,48,35
46,47,33
47,48,37
47,80,59
48,49,21
48,80,61
49,50,5
50,58,8
50,59,8
51,52,44
51,56,42
52,55,48
52,53,63
52,56,63
53,54,63
53,55,45
54,57,38
54,55,48
58,59,10
59,91,11
59,92,10
60,104,38
60,62,34
60,61,10
61,62,31
61,63,34
62,104,58
62,63,57
63,64,55
63,65,36
64,65,30
64,71,29
64,72,39
64,68,30
65,72,20
65,71,9
66,67,10
66,69,5
67,68,11
67,69,9
67,70,9
68,71,10
68,70,8
68,73,10
68,69,8
69,70,6
69,75,3
70,73,7
70,75,5
70,76,11
70,71,7
71,72,19
71,73,8
71,74,22
72,74,33
72,108,23
72,73,20
73,74,22
73,76,12
73,77,24
73,75,6
74,108,25
74,77,38
74,76,24
75,76,8
76,77,27
76,78,34
77,78,48
77,113,19
77,108,28
78,113,28
78,159,57
78,188,31
79,82,47
79,83,40
79,81,51
80,81,87
81,82,90
82,83,79
83,89,43
84,90,44
84,87,50
84,89,36
84,86,52
85,88,27
85,105,16
85,86,34
85,104,41
86,87,43
86,88,40
87,90,34
87,88,37
88,105,22
89,90,21
91,92,10
92,93,13
93,94,13
94,95,6
95,96,5
95,97,3
96,97,4
96,98,6
97,98,5
97,99,2
98,99,5
98,100,8
99,100,4
100,682,8
101,686,18
101,103,23
101,102,20
102,103,22
103,686,20
104,105,37
106,129,12
106,122,3
106,136,10
106,121,14
107,110,8
107,109,11
107,112,4
107,108,12
108,109,16
109,112,8
109,114,14
109,110,12
110,111,11
110,112,5
111,117,8
111,119,10
111,112,6
112,114,6
112,115,5
113,188,3
113,159,29
114,115,10
114,116,10
115,116,9
115,125,9
115,119,8
116,125,11
117,118,10
117,119,6
117,120,7
118,121,20
118,120,13
118,119,12
119,120,9
119,124,6
120,124,7
120,127,6
120,121,18
121,122,14
121,123,18
122,136,10
122,123,7
122,137,9
122,129,12
123,137,14
123,136,14
123,127,6
124,127,3
124,126,8
124,128,2
124,125,7
125,126,11
125,189,5
126,128,7
126,189,8
126,190,13
126,127,7
127,128,0
128,190,6
128,191,6
128,189,1
129,130,18
129,136,20
130,131,17
130,138,13
130,136,17
131,138,14
131,139,15
132,134,12
132,147,7
132,146,10
133,726,11
133,135,12
133,134,12
134,135,13
134,150,12
134,147,7
135,150,13
135,746,6
135,726,13
136,137,17
138,139,10
138,140,18
139,146,10
139,140,19
139,148,20
140,148,28
140,143,22
140,153,17
140,146,18
140,142,15
141,144,5
141,193,8
141,196,11
141,142,5
142,143,11
142,144,4
142,145,2
143,153,13
143,145,10
143,155,18
143,148,24
143,144,12
144,145,2
144,196,10
144,197,13
144,193,8
145,155,9
145,197,11
145,153,3
145,196,8
146,147,5
146,148,19
146,149,16
147,149,12
147,151,23
147,148,16
148,149,26
148,153,18
148,154,22
149,151,33
149,154,18
149,157,18
149,153,15
150,746,7
150,152,13
150,748,8
150,151,27
151,152,28
151,157,28
151,158,54
151,154,28
152,748,9
152,158,38
152,754,34
152,746,7
152,157,14
153,154,10
153,155,12
153,156,14
154,157,13
154,156,18
154,155,15
155,156,19
155,197,19
156,157,17
157,158,38
158,754,59
158,748,33
159,188,33
159,161,66
159,160,31
160,161,40
160,163,38
161,188,40
161,163,72
162,164,47
162,165,63
162,163,65
163,164,54
164,165,50
165,166,39
165,167,59
166,167,32
166,168,11
166,170,35
167,170,55
167,168,30
168,170,33
168,169,37
169,171,74
169,170,60
171,172,110
172,173,140
173,174,112
174,176,54
174,178,67
175,180,15
175,182,14
176,178,41
176,177,14
176,179,36
177,179,22
177,181,22
177,184,22
177,178,27
177,180,7
178,179,49
179,184,44
179,185,41
179,181,43
180,181,27
180,182,11
180,183,12
181,184,44
181,183,27
181,186,42
181,182,27
182,183,11
182,1496,14
182,1497,19
183,186,26
183,1497,20
183,1500,24
183,184,27
183,1496,15
184,185,40
184,186,43
184,187,59
185,218,22
185,187,56
185,220,74
185,186,40
186,187,58
186,1500,40
186,1497,35
187,220,92
187,218,41
187,1500,56
189,190,7
190,191,12
190,192,24
191,192,23
191,194,23
192,194,33
193,196,12
193,195,24
193,198,6
193,194,22
194,195,35
195,198,19
195,196,26
196,197,18
196,198,8
197,198,10
199,1059,15
199,201,6
199,200,8
200,201,4
200,202,8
200,203,13
201,203,11
201,1079,64
201,1059,10
201,202,6
202,203,15
202,207,9
202,208,50
202,204,13
203,1079,71
203,208,54
203,207,12
204,207,10
204,206,26
204,209,19
204,205,21
205,206,32
205,238,17
205,239,13
205,231,23
206,209,30
206,239,19
206,242,65
206,207,21
206,238,23
207,208,48
207,209,14
207,210,51
208,210,93
208,1079,108
208,209,56
209,210,58
209,242,57
209,239,11
210,242,93
211,213,25
211,225,45
211,226,42
211,224,44
212,233,38
212,214,53
212,235,60
212,228,26
212,213,34
213,214,63
213,226,61
213,225,63
214,235,89
214,233,67
214,226,81
215,224,76
215,217,64
215,216,55
216,217,50
216,222,67
216,219,47
217,224,69
217,222,75
218,219,30
218,220,58
218,221,59
219,222,73
219,221,83
219,223,26
219,220,82
220,221,111
220,1542,79
221,223,56
221,1542,80
221,1543,97
221,222,102
222,223,47
223,1543,40
223,1544,34
223,1542,24
224,225,83
225,226,81
227,230,26
227,229,17
227,228,28
228,229,17
228,233,39
228,234,53
229,234,44
229,236,53
229,230,16
229,233,29
230,231,22
230,232,38
231,238,15
231,232,36
231,240,46
232,240,61
232,237,33
232,238,30
232,236,74
233,234,64
233,235,73
234,236,88
234,235,87
236,237,56
237,240,44
238,239,6
238,240,41
238,241,58
239,242,47
239,241,53
239,240,36
240,241,87
241,242,100
243,1179,43
243,1569,56
243,1768,25
243,1177,19
244,245,14
245,246,14
246,247,10
246,248,9
247,248,11
247,249,13
248,249,12
248,250,13
249,250,14
249,251,15
250,251,15
250,252,10
251,252,12
251,253,10
252,253,6
252,260,4
252,262,5
252,259,4
253,262,5
253,263,8
253,260,3
254,255,2
254,257,4
255,256,5
255,257,4
256,261,5
256,259,4
257,258,9
258,270,8
259,260,1
259,261,2
260,262,2
260,264,6
260,261,3
262,263,6
262,264,6
262,265,3
263,265,8
263,264,9
264,265,7
264,266,8
265,266,6
265,268,4
266,268,5
266,267,9
266,269,4
267,269,5
267,289,12
267,268,7
268,269,3
269,289,9
270,271,9
271,274,5
271,272,7
272,274,2
272,273,2
272,275,2
273,275,2
273,276,0
273,274,0
274,275,1
275,276,1
275,277,0
276,277,0
276,278,0
276,279,21
277,279,21
277,284,21
277,278,0
278,279,19
278,282,25
278,283,1
278,281,41
279,284,40
279,283,21
279,282,46
280,281,97
281,282,67
282,283,27
283,284,21
284,285,53
285,286,46
285,287,64
286,287,43
286,288,46
287,288,64
288,297,87
289,290,20
290,291,17
290,292,17
291,292,10
291,293,16
292,293,16
292,294,16
293,294,22
293,295,21
294,295,20
294,296,25
295,296,24
296,302,33
297,298,99
298,299,65
298,300,71
299,300,48
299,301,63
300,301,67
301,306,100
302,303,22
302,304,32
303,304,13
303,305,12
304,305,22
304,308,16
305,308,16
305,309,20
306,307,92
307,310,67
307,308,40
308,309,14
308,310,38
308,311,50
309,321,15
309,311,53
309,322,68
309,310,41
310,311,76
310,312,71
311,322,104
311,312,83
311,321,51
312,313,89
312,362,48
312,322,98
313,362,57
313,314,90
314,315,80
314,366,55
314,362,47
315,366,54
315,375,76
316,376,33
316,319,45
316,378,30
316,375,44
316,318,36
317,320,14
317,697,18
317,318,29
318,319,66
318,320,42
319,378,61
319,376,64
319,320,51
320,697,30
321,322,67
321,323,96
322,323,148
323,324,175
323,363,119
324,325,144
324,363,116
324,364,105
325,329,118
325,364,78
325,369,60
325,363,89
326,352,82
326,328,32
326,353,60
326,339,78
326,327,21
327,328,18
327,331,29
327,332,36
328,353,57
328,332,47
328,354,28
328,352,79
328,331,40
329,330,134
329,369,62
329,364,79
330,333,129
330,331,100
330,369,76
331,332,57
331,333,81
331,334,51
332,354,47
332,334,58
332,353,75
332,333,87
333,334,80
333,370,91
334,370,63
334,354,40
335,336,30
335,341,60
335,342,48
335,338,71
336,343,18
336,342,47
336,345,62
336,341,58
337,338,58
337,339,64
337,340,31
338,341,98
338,340,82
338,339,116
339,340,89
339,352,126
340,341,71
340,352,93
341,342,77
342,345,81
342,343,37
343,345,53
343,346,53
344,517,53
344,349,54
344,523,34
344,348,62
345,346,97
345,347,60
346,348,83
346,347,60
346,350,68
347,350,31
347,348,47
348,349,63
348,350,55
348,351,62
349,523,35
349,351,55
349,524,53
349,517,54
349,350,48
350,351,46
350,355,24
351,524,52
351,355,32
351,545,47
351,523,34
352,353,108
353,354,57
355,545,26
355,356,34
355,547,127
355,524,31
356,547,151
356,359,162
356,545,50
356,358,44
357,360,208
357,403,260
357,406,102
357,358,114
358,359,146
358,360,120
358,361,23
359,361,142
359,547,254
359,360,240
360,361,116
360,406,109
360,403,267
361,406,11
363,364,49
363,365,85
364,369,22
364,365,73
365,367,181
365,369,57
366,375,52
367,368,217
368,377,143
368,382,162
370,372,64
370,371,71
371,372,60
371,373,72
372,397,30
372,373,65
373,374,104
374,385,110
374,386,85
375,376,62
376,378,49
376,379,51
377,382,125
377,383,86
378,379,48
379,380,54
380,381,41
381,389,23
381,391,39
381,383,47
382,383,106
382,384,126
383,384,89
383,389,46
383,390,85
384,387,93
384,390,104
384,393,81
384,385,99
384,389,65
385,386,64
385,387,83
385,388,55
386,410,38
386,388,30
386,398,54
386,387,59
387,388,50
387,393,66
387,394,51
387,390,90
388,394,23
388,416,32
388,410,30
388,393,37
389,390,62
389,391,38
389,392,74
390,393,77
390,392,113
390,395,73
390,391,77
391,392,90
391,846,50
391,847,46
391,837,79
392,395,85
392,847,82
392,850,90
392,393,90
392,846,86
393,394,39
393,395,50
393,396,33
394,416,33
394,396,17
394,418,24
394,395,34
395,396,29
395,850,50
395,851,50
395,847,42
396,418,18
396,851,34
396,892,26
396,416,27
396,850,33
397,398,39
397,399,51
398,399,82
398,410,54
398,411,47
399,401,104
399,411,60
399,412,65
399,410,66
400,407,166
400,402,25
400,408,110
400,404,137
400,401,63
401,402,74
401,412,75
401,413,158
401,411,69
402,408,120
402,413,120
402,424,99
402,407,176
402,412,36
403,406,162
403,405,318
403,404,290
404,405,287
404,407,288
405,406,160
405,407,316
407,408,261
408,424,185
408,425,191
408,413,205
409,429,58
409,588,65
409,428,52
410,411,31
411,412,30
411,414,39
412,413,121
412,414,44
412,415,121
413,424,184
413,415,205
413,426,140
413,414,129
414,415,128
414,420,129
414,421,67
414,417,42
415,426,140
415,421,143
415,432,105
415,424,184
415,420,205
416,417,37
416,418,33
416,419,101
417,420,119
417,419,95
417,422,44
417,418,28
418,419,92
418,892,31
418,893,106
418,851,39
419,422,107
419,893,172
419,896,82
419,420,182
419,892,99
420,421,144
420,422,131
420,423,107
421,432,43
421,423,45
421,434,47
421,426,79
421,422,69
422,423,33
422,896,32
422,897,29
422,893,122
423,434,11
423,897,5
423,908,20
423,432,6
423,896,7
424,425,171
424,426,120
424,427,108
425,428,141
425,427,113
425,430,96
425,426,126
426,427,63
426,432,41
426,433,52
427,430,33
427,433,39
427,436,52
427,428,78
427,432,28
428,429,110
428,430,61
428,431,60
429,588,123
429,431,65
429,590,62
429,430,65
430,431,15
430,436,34
430,437,8
430,433,22
431,590,12
431,437,8
431,588,73
431,436,33
432,433,15
432,434,8
432,435,6
433,436,41
433,435,18
433,438,25
433,434,20
434,435,10
434,908,22
434,897,6
435,438,15
435,910,4
435,436,31
435,908,20
436,437,27
436,438,37
436,439,40
437,439,14
437,594,1
437,590,5
437,438,11
438,439,24
438,910,11
438,911,25
439,594,14
439,911,29
439,1426,20
439,910,14
440,441,1
440,442,12
441,442,10
441,452,14
442,444,20
442,452,24
442,453,29
443,449,37
443,445,11
443,451,26
443,448,26
443,444,12
444,445,17
444,453,27
444,452,22
445,451,30
445,458,48
445,449,42
445,453,26
446,447,59
446,448,44
447,448,60
448,449,57
448,450,24
449,450,35
449,451,57
450,451,23
451,458,63
452,453,31
452,454,30
453,454,35
454,455,56
454,456,40
455,456,62
455,457,74
456,460,41
456,457,58
456,461,36
456,459,65
457,461,47
457,520,35
457,530,83
457,460,52
457,519,67
458,459,83
459,460,60
460,461,31
461,530,60
461,531,163
461,520,13
462,464,96
462,535,102
462,556,13
462,534,98
463,466,113
463,465,83
463,468,35
463,464,99
464,465,160
464,556,90
464,557,91
464,535,179
465,468,98
465,557,77
465,560,84
465,466,175
465,556,76
466,467,207
466,468,127
466,469,119
467,474,230
467,469,122
467,468,130
468,469,41
468,560,35
468,561,70
468,557,29
469,561,62
469,566,41
469,474,141
469,560,27
470,473,212
470,475,171
470,471,160
470,474,224
471,472,181
471,473,172
472,487,210
472,488,195
472,476,158
472,473,234
473,475,183
474,475,195
476,477,147
476,487,124
477,479,224
477,487,200
478,484,124
478,480,66
478,479,174
479,480,118
480,484,69
481,498,60
481,483,48
481,482,91
482,483,46
482,486,52
482,485,111
483,498,15
483,486,10
484,485,130
485,486,74
487,488,161
487,489,182
488,489,167
489,490,97
489,491,215
490,491,124
490,492,119
491,492,237
492,493,214
493,494,226
494,495,230
495,496,153
495,497,148
496,497,96
496,508,138
497,508,133
497,656,81
497,676,103
499,500,429
499,501,429
500,501,218
500,504,229
501,502,143
501,504,230
501,505,160
502,505,84
502,2256,42
502,504,153
503,506,110
503,513,103
503,516,13
503,504,133
504,505,170
504,506,215
505,2256,58
505,506,147
506,516,97
506,513,185
507,514,132
507,511,156
507,510,149
508,509,272
508,676,146
508,656,122
509,512,294
509,510,282
509,676,241
510,511,203
510,512,207
511,514,186
511,512,214
513,516,89
513,515,138
513,514,171
514,515,130
515,516,49
517,518,61
517,523,34
518,521,47
518,526,52
518,519,66
518,523,42
519,520,31
519,521,44
519,522,57
520,530,48
520,522,26
520,532,142
520,521,12
521,522,38
521,526,29
521,527,145
522,532,167
522,527,157
522,538,140
522,530,73
522,526,43
523,524,33
523,525,35
524,525,52
524,545,45
524,546,109
525,528,120
525,546,112
525,549,45
525,526,45
525,545,47
526,527,150
526,528,111
526,529,47
527,538,249
527,529,162
527,532,274
527,528,226
528,529,122
528,549,111
528,550,115
528,546,177
529,550,51
529,538,144
529,549,47
530,531,197
530,532,189
530,533,75
531,534,237
531,533,176
531,536,192
531,532,291
532,533,169
532,538,257
532,539,187
533,536,69
533,539,72
533,541,32
533,534,115
533,538,143
534,535,180
534,536,130
534,537,110
535,556,95
535,537,114
535,558,104
535,536,135
536,537,64
536,541,47
536,542,93
536,539,87
537,558,35
537,542,73
537,562,70
537,556,26
537,541,27
538,539,162
538,540,168
539,541,50
539,540,97
539,543,78
540,543,85
540,552,62
540,553,71
540,541,57
541,542,55
541,543,38
541,544,75
542,562,100
542,544,122
542,564,78
542,558,64
542,543,84
543,544,104
543,553,52
543,554,76
543,552,42
544,564,98
544,554,114
544,562,120
544,553,90
545,546,105
545,547,142
545,548,35
546,549,102
546,548,98
546,551,96
546,547,205
547,548,137
548,551,27
548,549,32
549,550,39
549,551,29
550,551,33
552,553,29
553,554,62
553,555,55
554,555,80
554,578,79
554,564,69
555,578,73
556,557,7
556,558,16
556,559,11
557,560,14
557,559,12
557,558,17
558,559,21
558,562,61
558,563,74
559,563,68
559,560,18
559,562,57
560,561,54
561,566,69
562,563,110
562,564,75
563,564,87
565,571,58
565,573,1
566,567,90
566,568,26
567,568,67
567,569,112
568,569,49
568,572,3
568,575,10
568,571,60
569,570,78
569,575,56
569,576,90
569,572,48
570,650,86
570,576,74
570,651,67
570,649,68
570,575,40
571,572,58
571,573,57
571,574,116
572,575,9
572,574,58
572,577,108
572,573,0
573,574,58
574,577,165
574,583,188
574,575,67
575,576,51
575,577,116
576,651,78
576,650,98
576,577,150
577,583,237
578,579,57
578,580,84
579,580,69
580,581,90
580,582,106
581,582,99
581,606,93
582,606,109
583,584,150
583,585,325
584,585,213
584,586,124
585,586,299
586,587,211
586,669,306
587,669,306
587,616,213
587,680,172
587,615,203
588,589,161
588,590,70
589,591,202
589,592,122
589,590,99
591,592,133
591,593,185
592,593,106
593,596,156
594,1426,8
594,1427,8
594,911,15
595,598,23
595,597,69
595,600,62
595,596,86
596,597,137
597,600,111
597,602,88
597,598,74
598,599,38
598,600,65
598,601,27
599,626,63
599,601,38
599,628,65
599,600,75
600,601,65
600,602,79
600,603,68
601,628,55
601,603,30
601,633,55
601,626,53
601,602,41
602,603,43
602,604,48
602,605,62
603,633,58
603,605,50
603,635,31
603,628,58
603,604,37
604,605,55
604,1444,81
604,1445,64
605,635,49
605,1445,77
605,1477,49
605,633,76
605,1444,94
606,607,90
606,608,85
607,608,72
607,609,58
608,609,54
608,619,139
608,612,66
609,619,125
609,611,118
609,621,32
609,610,75
610,611,151
610,630,113
610,627,101
611,621,110
611,619,202
611,630,157
612,613,83
612,614,118
613,615,147
613,614,137
613,617,60
614,617,95
614,620,161
614,622,138
614,615,183
614,619,191
615,616,204
615,617,105
615,618,135
616,680,173
616,618,144
616,681,144
616,669,307
616,617,115
617,618,46
617,622,60
617,623,42
617,620,84
618,681,76
618,623,72
618,680,103
618,622,89
619,620,180
619,621,117
620,622,127
620,624,98
620,621,87
621,641,20
622,623,85
622,624,73
622,625,131
623,625,114
623,681,72
623,624,56
624,625,102
624,644,87
624,641,31
625,644,146
626,627,86
626,628,81
626,629,109
627,630,108
627,629,117
627,631,79
627,628,89
628,629,112
628,633,84
628,634,48
629,631,101
629,634,76
629,637,79
629,630,130
629,633,112
630,631,91
630,632,83
631,632,56
631,637,42
631,638,52
631,634,38
632,642,43
632,638,43
632,645,42
632,637,33
633,634,48
633,635,56
633,636,53
634,637,15
634,636,17
634,639,22
634,635,22
635,636,27
635,1477,30
635,1478,29
635,1445,58
636,639,28
636,1478,24
636,1481,26
636,637,20
636,1477,26
637,638,29
637,639,24
637,640,21
638,645,37
638,640,31
638,647,53
638,642,39
638,639,35
639,640,28
639,1481,31
639,1482,40
639,1478,30
640,647,45
640,1482,37
640,1491,41
640,645,29
640,1481,27
641,644,74
641,643,44
641,642,27
642,643,55
642,645,36
642,646,45
643,646,61
643,644,101
643,645,54
645,646,43
645,647,50
645,648,23
646,648,32
646,647,59
647,648,39
647,1491,62
647,1482,58
648,1491,34
649,650,92
650,651,91
650,652,92
651,652,73
651,653,60
652,653,62
652,654,62
653,654,47
654,655,26
654,665,45
655,660,4
655,665,24
655,673,66
656,676,92
656,658,84
656,657,73
657,658,88
657,662,150
657,663,61
657,659,63
658,663,73
658,677,70
658,676,106
658,662,160
659,662,136
659,661,106
659,660,27
660,661,82
660,673,66
660,674,3
660,665,23
661,674,81
661,662,192
661,673,144
662,663,135
663,677,45
663,678,31
664,666,165
664,668,104
664,671,125
665,673,85
665,667,199
665,675,72
665,666,167
666,667,322
666,671,250
666,668,230
667,675,228
667,673,241
667,671,282
668,671,190
668,670,178
668,672,128
668,669,285
669,670,294
669,680,266
670,672,136
670,671,198
670,680,158
671,672,148
673,674,65
673,675,115
674,675,52
677,678,30
677,679,24
678,679,9
680,681,103
682,683,8
682,684,10
683,684,8
683,685,9
684,685,11
684,687,12
684,688,20
684,686,12
685,688,21
685,687,13
686,687,15
687,688,24
687,689,30
688,689,39
688,690,31
689,690,38
690,691,33
690,692,31
691,692,36
692,693,17
692,694,34
693,694,18
693,732,12
693,724,5
694,695,54
694,735,23
694,732,28
695,696,76
695,735,43
695,736,131
696,703,137
696,736,133
696,771,64
696,735,45
697,698,61
697,699,15
698,699,45
698,700,49
698,701,96
699,701,52
699,700,4
700,701,56
700,702,56
701,702,104
702,712,96
702,711,56
703,704,183
703,771,124
703,772,103
703,736,192
704,707,150
704,772,91
704,775,85
704,705,125
704,771,111
705,706,122
705,707,104
705,708,41
706,715,142
706,708,84
706,717,89
706,709,124
706,707,147
707,708,67
707,775,65
707,776,70
707,772,71
708,717,9
708,776,6
708,787,12
708,715,61
708,775,2
709,710,88
709,715,101
709,716,49
710,713,106
710,716,55
710,719,47
710,711,52
710,715,107
711,712,49
711,713,64
711,714,53
712,714,91
712,862,105
712,713,103
713,714,107
713,719,59
713,720,61
713,716,66
714,862,110
714,720,49
714,868,55
714,719,48
715,716,68
715,717,66
715,718,63
716,719,8
716,718,12
716,721,10
716,717,15
717,718,11
717,787,18
717,788,14
717,776,11
718,721,6
718,788,11
718,791,13
718,719,5
718,787,14
719,720,2
719,721,2
719,722,5
720,868,9
720,722,6
720,870,10
720,862,64
720,721,4
721,722,7
721,791,12
721,792,11
721,788,10
722,870,12
722,792,12
722,951,11
722,868,11
722,791,15
723,725,3
723,727,3
723,728,9
723,726,9
724,732,15
724,733,7
724,725,4
725,728,6
725,729,5
725,727,0
726,727,5
727,728,5
727,730,6
728,729,9
728,730,10
728,731,19
729,738,6
729,731,18
729,740,11
729,733,7
729,730,9
730,731,20
730,750,14
730,751,17
730,747,15
731,740,22
731,751,26
731,738,16
731,750,24
732,733,14
732,734,11
733,734,2
733,738,4
733,739,5
734,739,2
734,742,3
734,735,7
734,738,1
735,736,101
735,737,73
736,771,120
736,737,160
736,773,97
737,773,68
737,743,128
737,779,70
737,771,92
737,742,70
738,739,3
738,740,9
738,741,7
739,742,5
739,741,8
739,744,12
739,740,10
740,741,13
740,758,13
740,751,19
741,744,15
741,758,12
741,760,9
741,742,9
742,743,65
742,744,13
742,745,57
743,779,66
743,745,116
743,781,62
743,773,64
743,744,72
744,745,64
744,760,13
744,761,74
744,758,16
745,781,54
745,761,118
745,803,60
745,779,58
745,760,58
746,747,11
746,748,1
746,749,2
747,750,21
747,749,13
747,752,17
747,748,12
748,749,4
748,754,29
748,755,36
749,752,10
749,755,37
749,756,38
749,750,12
749,754,30
750,751,22
750,752,17
750,753,22
751,753,24
751,759,38
751,752,19
752,753,19
752,756,42
752,757,53
752,755,41
753,759,39
753,757,58
753,764,95
753,756,48
754,755,62
755,756,69
756,757,81
757,764,127
757,765,87
757,759,71
758,760,9
758,762,16
758,759,33
759,764,108
760,761,67
760,762,13
760,763,62
761,803,71
761,763,123
761,805,78
761,781,65
761,762,74
762,763,68
762,767,33
762,768,47
763,805,72
763,768,96
763,811,79
763,803,65
763,767,81
764,765,124
764,766,159
765,766,118
765,1065,65
765,1066,134
765,1057,66
766,769,150
766,1066,167
766,1069,93
766,767,99
766,1065,98
767,768,60
767,769,97
767,770,78
768,811,58
768,770,93
768,813,123
768,805,51
768,769,111
769,770,130
769,1069,91
769,1070,84
769,1066,165
770,813,141
770,1070,65
770,1093,67
770,811,77
770,1069,72
771,772,31
771,773,28
771,774,38
772,775,6
772,774,19
772,777,17
772,773,8
773,774,15
773,779,5
773,780,13
774,777,24
774,780,24
774,783,25
774,775,13
774,779,17
775,776,4
775,777,11
775,778,11
776,787,15
776,778,14
776,789,10
776,777,14
777,778,21
777,783,23
777,784,16
777,780,22
778,789,17
778,784,16
778,795,17
778,787,21
778,783,23
779,780,15
779,781,4
779,782,4
780,783,23
780,782,11
780,785,12
780,781,11
781,782,1
781,803,7
781,804,5
782,785,2
782,804,5
782,807,4
782,783,12
782,803,7
783,784,18
783,785,15
783,786,13
784,795,13
784,786,7
784,797,9
784,789,12
784,785,7
785,786,4
785,807,5
785,808,4
785,804,7
786,797,5
786,808,4
786,819,3
786,795,8
786,807,5
787,788,19
787,789,18
787,790,21
788,791,18
788,790,18
788,793,19
788,789,14
789,790,16
789,795,14
789,796,14
790,793,21
790,796,16
790,799,14
790,791,20
790,795,16
791,792,18
791,793,21
791,794,21
792,951,15
792,794,19
792,953,21
792,870,17
792,793,19
793,794,22
793,799,16
793,800,17
793,796,18
794,953,23
794,800,17
794,959,13
794,951,18
794,799,16
795,796,13
795,797,9
795,798,11
796,799,11
796,798,10
796,801,12
796,797,9
797,798,6
797,819,4
797,820,2
797,808,4
798,801,8
798,820,3
798,799,9
798,819,5
799,800,11
799,801,10
799,802,14
800,959,7
800,802,15
800,961,10
800,953,17
800,801,12
801,802,15
801,823,6
801,820,6
802,961,13
802,823,10
802,983,58
802,959,11
803,804,11
803,805,20
803,806,24
804,807,8
804,806,22
804,809,24
804,805,19
805,806,32
805,811,35
805,812,29
806,809,37
806,812,33
806,815,74
806,807,20
806,811,39
807,808,5
807,809,22
807,810,14
808,819,2
808,810,12
808,821,8
808,809,20
809,810,30
809,815,75
809,816,74
809,812,34
810,821,18
810,816,66
810,826,46
810,819,12
810,815,67
811,812,36
811,813,107
811,814,81
812,815,72
812,814,74
812,817,48
812,813,101
813,814,144
813,1093,96
813,1094,99
813,1070,94
814,817,92
814,1094,73
814,1097,71
814,815,116
814,1093,70
815,816,112
815,817,89
815,818,133
816,826,91
816,818,131
816,828,138
816,821,62
816,817,88
817,818,108
817,1097,44
817,1098,51
817,1094,47
818,828,159
818,1098,93
818,1109,151
818,826,112
818,1097,88
819,820,1
819,821,8
819,822,7
820,822,5
820,824,38
820,821,7
821,822,12
821,826,42
821,827,66
822,824,42
822,827,65
822,830,42
822,826,40
823,983,49
823,825,49
823,985,22
823,961,4
823,824,38
824,825,87
824,830,74
824,831,43
824,827,98
825,985,70
825,831,54
825,991,50
825,983,98
825,830,86
826,827,96
826,828,119
826,829,65
827,830,97
827,829,89
827,832,91
827,828,143
828,829,113
828,1109,158
828,1110,93
828,1098,101
829,832,59
829,1110,40
829,1113,41
829,830,66
829,1109,105
830,831,43
830,832,67
830,833,54
831,991,7
831,833,21
831,992,33
831,985,26
831,832,36
832,833,47
832,1113,42
832,1114,38
832,1110,41
833,992,45
833,1114,24
833,1256,43
833,991,18
833,1113,29
834,836,75
834,835,61
834,838,40
835,838,79
835,840,112
835,842,55
835,836,114
836,837,116
836,838,93
836,839,71
837,846,76
837,839,59
837,848,67
837,838,81
838,839,37
838,842,34
838,843,36
838,840,91
839,848,23
839,843,15
839,854,14
839,846,31
839,842,11
840,842,66
840,841,119
840,844,92
841,844,88
841,864,94
841,842,62
842,843,10
842,844,34
842,845,7
843,854,11
843,845,9
843,856,13
843,848,22
843,844,37
844,845,34
844,864,66
844,865,78
845,856,9
845,865,51
845,876,43
845,854,8
845,864,40
846,847,44
846,848,39
846,849,46
847,850,46
847,849,42
847,852,39
847,848,34
848,849,37
848,854,21
848,855,29
849,852,42
849,855,37
849,858,34
849,850,50
849,854,28
850,851,55
850,852,46
850,853,53
851,892,47
851,853,53
851,894,50
851,852,48
852,853,46
852,858,32
852,859,38
852,855,35
853,894,49
853,859,45
853,900,79
853,892,46
853,858,37
854,855,20
854,856,11
854,857,24
855,858,25
855,857,32
855,860,30
855,856,21
856,857,25
856,876,46
856,877,25
856,865,54
857,860,36
857,877,37
857,880,36
857,858,30
857,876,59
858,859,30
858,860,28
858,861,25
859,900,72
859,861,32
859,902,99
859,894,41
859,860,35
860,861,30
860,880,33
860,881,30
860,877,35
861,902,95
861,881,28
861,920,92
861,900,66
861,880,31
862,863,120
862,868,69
862,869,80
863,866,157
863,869,76
863,872,139
863,864,93
863,868,65
864,865,84
864,866,136
864,867,87
865,876,88
865,867,99
865,878,111
865,866,147
866,867,150
866,872,181
866,873,129
866,869,118
867,878,114
867,873,79
867,884,74
867,876,91
867,872,132
868,869,26
868,870,15
868,871,20
869,872,100
869,871,32
869,874,66
869,870,28
870,871,22
870,951,15
870,952,15
871,874,61
871,952,20
871,955,47
871,872,94
871,951,21
872,873,110
872,874,129
872,875,104
873,884,53
873,875,52
873,886,41
873,878,92
873,874,76
874,875,70
874,955,81
874,956,84
874,952,54
875,886,35
875,956,59
875,967,40
875,884,47
875,955,57
876,877,58
876,878,103
876,879,94
877,880,35
877,879,73
877,882,72
877,878,82
878,879,117
878,884,87
878,885,74
879,882,108
879,885,64
879,888,72
879,880,72
879,884,78
880,881,31
880,882,72
880,883,67
881,920,93
881,883,62
881,922,103
881,902,95
881,882,67
882,883,103
882,888,72
882,889,81
882,885,64
883,922,138
883,889,76
883,928,85
883,920,128
883,888,67
884,885,35
884,886,36
884,887,42
885,888,28
885,887,28
885,890,58
885,886,23
886,887,29
886,967,29
886,968,29
886,956,48
887,890,65
887,968,36
887,971,73
887,888,35
887,967,35
888,889,44
888,890,65
888,891,42
889,928,63
889,891,53
889,930,44
889,922,117
889,890,74
890,891,73
890,971,103
890,972,63
890,968,65
891,930,42
891,972,41
891,1012,37
891,928,61
891,971,81
892,893,113
892,894,42
892,895,95
893,896,97
893,895,169
893,898,104
893,894,116
894,895,98
894,900,76
894,901,142
895,898,86
895,901,194
895,904,98
895,896,79
895,900,129
896,897,4
896,898,13
896,899,16
897,908,16
897,899,14
897,909,2
897,898,11
898,899,23
898,904,33
898,905,20
898,901,128
899,909,15
899,905,23
899,913,27
899,908,30
899,904,37
900,901,171
900,902,134
900,903,77
901,904,141
901,903,142
901,906,134
901,902,199
902,903,104
902,920,160
902,921,96
903,906,40
903,921,39
903,924,34
903,904,47
903,920,103
904,905,33
904,906,39
904,907,30
905,913,23
905,907,17
905,915,32
905,909,10
905,906,25
906,907,23
906,924,27
906,925,41
906,921,31
907,915,30
907,925,33
907,936,22
907,913,20
907,924,18
908,909,17
909,913,14
909,914,2
910,911,15
910,912,11
911,1426,21
911,912,26
911,1428,32
912,1428,29
912,917,20
912,1433,11
912,1426,18
913,914,14
913,915,37
913,916,37
914,916,25
914,918,9
914,915,24
915,916,47
915,936,38
915,937,33
915,925,48
916,918,32
916,937,34
916,940,28
916,936,39
917,1433,8
917,919,25
917,1435,22
917,1428,25
917,918,16
918,919,25
918,940,12
918,937,20
919,1435,29
919,1456,20
919,1433,17
919,940,20
920,921,94
920,922,168
920,923,116
921,924,26
921,923,51
921,926,27
921,922,105
922,923,126
922,928,125
922,929,133
923,926,48
923,929,80
923,932,100
923,924,47
923,928,72
924,925,36
924,926,23
924,927,23
925,936,40
925,927,37
925,938,41
925,926,37
926,927,24
926,932,77
926,933,41
926,929,56
927,938,28
927,933,41
927,943,26
927,936,27
927,932,77
928,929,79
928,930,52
928,931,45
929,932,108
929,931,53
929,934,55
929,930,60
930,931,26
930,1012,29
930,1013,24
930,972,33
931,934,22
931,1013,16
931,1016,60
931,932,73
931,1012,22
932,933,93
932,934,77
932,935,151
933,943,43
933,935,117
933,945,101
933,938,45
933,934,41
934,935,100
934,1016,63
934,1017,41
934,1013,20
935,945,160
935,1017,117
935,1028,104
935,943,101
935,1016,138
936,937,26
936,938,31
936,939,34
937,940,15
937,939,30
937,941,31
937,938,27
938,939,35
938,943,30
938,944,48
939,941,39
939,944,51
939,947,100
939,940,23
939,943,33
940,941,23
940,942,17
941,942,33
941,947,101
941,948,93
941,944,52
942,1458,93
942,948,86
942,1464,25
942,1456,16
942,947,95
943,944,46
943,945,85
943,946,80
944,947,115
944,946,99
944,949,39
944,945,104
945,946,139
945,1028,88
945,1029,84
945,1017,102
946,949,73
946,1029,78
946,1032,79
946,947,149
946,1028,84
947,948,156
947,949,88
947,950,103
948,1464,86
948,950,95
948,1466,103
948,1458,154
948,949,80
949,950,28
949,1032,18
949,1033,16
949,1029,18
950,1466,52
950,1033,33
950,1493,35
950,1464,34
950,1032,35
951,952,14
951,953,19
951,954,24
952,955,40
952,954,23
952,957,19
952,953,18
953,954,28
953,959,14
953,960,23
954,957,29
954,960,28
954,963,22
954,955,49
954,959,19
955,956,70
955,957,46
955,958,55
956,967,53
956,958,57
956,969,86
956,957,48
957,958,35
957,963,18
957,964,28
957,960,24
958,969,71
958,964,37
958,975,42
958,967,39
958,963,27
959,960,13
959,961,5
959,962,10
960,963,16
960,962,20
960,965,20
960,961,15
961,962,12
961,983,53
961,984,59
962,965,17
962,984,64
962,987,63
962,963,13
962,983,58
963,964,21
963,965,13
963,966,37
964,975,35
964,966,47
964,977,69
964,969,65
964,965,24
965,966,40
965,987,63
965,988,88
965,984,64
966,977,85
966,988,111
966,996,80
966,975,53
966,987,86
967,968,35
967,969,67
967,970,42
968,971,73
968,970,43
968,973,55
968,969,67
969,970,74
969,975,70
969,976,76
970,973,63
970,976,50
970,979,86
970,971,80
970,975,46
971,972,71
971,973,93
971,974,115
972,1012,27
972,974,75
972,1014,47
972,973,53
973,974,97
973,979,99
973,980,75
973,976,64
974,1014,90
974,980,97
974,1020,93
974,1012,72
974,979,120
975,976,46
975,977,74
975,978,64
976,979,87
976,978,69
976,981,35
976,977,79
977,978,97
977,996,102
977,997,61
977,988,133
978,981,53
978,997,51
978,1000,57
978,979,105
978,996,91
979,980,99
979,981,70
979,982,82
980,1020,71
980,982,57
980,1022,99
980,1014,68
980,981,47
981,982,29
981,1000,23
981,1001,52
981,997,17
982,1022,82
982,1001,63
982,1043,29
982,1020,53
982,1000,34
983,984,105
983,985,71
983,986,51
984,987,110
984,986,58
984,989,58
984,985,78
985,986,23
985,991,23
986,989,4
986,993,4
986,987,57
986,991,4
987,988,135
987,989,56
987,990,68
988,996,128
988,990,93
988,998,98
988,989,82
989,990,15
989,993,4
989,994,11
990,998,32
990,994,24
990,1004,21
990,996,62
990,993,16
991,992,29
992,1256,54
992,1257,57
992,1114,35
993,994,12
993,995,7
994,1004,16
994,995,14
994,1006,18
994,998,28
995,1006,14
995,1004,12
996,997,56
996,998,67
996,999,64
997,1000,21
997,999,23
997,1002,11
997,998,26
998,999,34
998,1004,26
998,1005,36
999,1002,18
999,1005,34
999,1008,27
999,1000,30
999,1004,23
1000,1001,56
1000,1002,16
1000,1003,59
1001,1043,51
1001,1003,88
1001,1045,58
1001,1022,104
1001,1002,46
1002,1003,48
1002,1008,15
1002,1009,10
1002,1005,21
1003,1045,60
1003,1009,52
1003,1051,48
1003,1043,53
1003,1008,57
1004,1005,26
1004,1006,16
1004,1007,11
1005,1008,30
1005,1007,22
1005,1010,24
1005,1006,27
1006,1007,13
1007,1010,10
1007,1008,15
1008,1009,20
1008,1010,19
1008,1011,15
1009,1051,10
1009,1011,11
1009,1045,22
1009,1010,14
1010,1011,10
1011,1051,6
1012,1013,19
1012,1014,43
1012,1015,79
1013,1016,58
1013,1015,74
1013,1018,40
1013,1014,38
1014,1015,97
1014,1020,64
1014,1021,60
1015,1018,98
1015,1021,96
1015,1024,76
1015,1016,117
1015,1020,100
1016,1017,80
1016,1018,82
1016,1019,72
1017,1028,47
1017,1019,52
1017,1030,48
1017,1018,62
1018,1019,54
1018,1024,42
1018,1025,48
1018,1021,61
1019,1030,40
1019,1025,38
1019,1036,24
1019,1028,38
1019,1024,31
1020,1021,62
1020,1022,95
1020,1023,47
1021,1024,39
1021,1023,43
1021,1026,41
1021,1022,90
1022,1023,75
1022,1043,69
1022,1044,87
1023,1026,25
1023,1044,40
1023,1047,39
1023,1024,23
1023,1043,22
1024,1025,26
1024,1026,21
1024,1027,16
1025,1036,18
1025,1027,24
1025,1038,30
1025,1030,34
1025,1026,28
1026,1027,18
1026,1047,37
1026,1048,28
1026,1044,38
1027,1038,20
1027,1048,23
1027,1055,25
1027,1036,9
1027,1047,33
1028,1029,28
1028,1030,34
1028,1031,21
1029,1032,25
1029,1031,16
1029,1034,22
1029,1030,29
1030,1031,22
1030,1036,20
1030,1037,30
1031,1034,14
1031,1037,18
1031,1040,14
1031,1032,17
1031,1036,6
1032,1033,23
1032,1034,23
1032,1035,22
1033,1493,22
1033,1035,20
1033,1494,14
1033,1466,40
1033,1034,20
1034,1035,20
1034,1040,21
1034,1041,10
1034,1037,23
1035,1494,13
1035,1041,10
1035,1493,22
1035,1040,20
1036,1037,15
1036,1038,15
1036,1039,16
1037,1040,24
1037,1039,27
1037,1042,18
1037,1038,27
1038,1039,28
1038,1055,32
1038,1056,15
1038,1048,30
1039,1042,19
1039,1056,15
1039,1040,25
1039,1055,32
1040,1041,11
1040,1042,15
1041,1494,3
1041,1042,5
1042,1056,6
1043,1044,34
1043,1045,23
1043,1046,29
1044,1047,52
1044,1046,47
1044,1049,37
1044,1045,40
1045,1046,34
1045,1051,18
1045,1052,24
1046,1049,31
1046,1052,30
1046,1053,26
1046,1047,45
1046,1051,24
1047,1048,41
1047,1049,36
1047,1050,31
1048,1055,34
1048,1050,21
1048,1049,27
1049,1050,16
1049,1053,16
1049,1054,14
1049,1052,20
1050,1054,8
1050,1055,24
1050,1053,10
1051,1052,12
1052,1053,15
1053,1054,8
1055,1056,18
1057,1065,46
1057,1058,41
1057,1067,56
1058,1067,50
1058,1062,30
1058,1065,40
1058,1061,22
1059,1060,18
1060,1063,16
1060,1061,12
1061,1062,18
1061,1063,12
1061,1064,12
1062,1064,20
1062,1067,45
1062,1063,20
1063,1064,14
1063,1081,15
1064,1081,15
1064,1084,36
1065,1066,114
1065,1067,55
1065,1068,115
1066,1069,108
1066,1068,184
1066,1071,116
1066,1067,124
1067,1068,125
1067,1073,128
1068,1071,117
1068,1073,189
1068,1075,152
1068,1069,110
1069,1070,27
1069,1071,41
1069,1072,50
1070,1093,22
1070,1072,43
1070,1095,38
1070,1071,34
1071,1072,58
1071,1075,83
1071,1076,39
1071,1073,120
1072,1095,61
1072,1076,48
1072,1101,65
1072,1093,45
1072,1075,92
1073,1075,155
1073,1074,162
1073,1077,171
1074,1077,140
1074,1085,142
1074,1086,177
1074,1075,123
1074,1084,95
1075,1076,73
1075,1077,134
1075,1078,106
1076,1101,46
1076,1078,63
1076,1103,53
1076,1095,43
1076,1077,89
1077,1078,122
1077,1086,186
1077,1087,113
1077,1085,152
1078,1103,87
1078,1087,87
1078,1125,74
1078,1101,80
1078,1086,159
1079,1080,131
1080,1082,104
1081,1084,38
1081,1083,35
1081,1082,44
1082,1083,63
1083,1084,56
1084,1085,106
1085,1086,189
1086,1087,149
1086,1088,175
1087,1125,64
1087,1088,103
1087,1127,56
1087,1103,78
1088,1127,82
1088,1090,149
1088,1133,75
1088,1125,89
1088,1089,89
1089,1090,111
1089,1091,82
1089,1092,77
1090,1133,96
1090,1092,137
1090,1135,94
1090,1127,103
1090,1091,140
1091,1092,108
1091,1161,61
1091,1162,118
1091,1158,57
1092,1135,60
1092,1162,114
1092,1196,89
1092,1133,63
1092,1161,57
1093,1094,26
1093,1095,40
1093,1096,28
1094,1097,26
1094,1096,32
1094,1099,27
1094,1095,43
1095,1096,45
1095,1101,59
1095,1102,59
1096,1099,29
1096,1102,48
1096,1105,30
1096,1097,29
1096,1101,48
1097,1098,29
1097,1099,24
1097,1100,78
1098,1109,93
1098,1100,83
1098,1111,67
1098,1099,31
1099,1100,78
1099,1105,25
1099,1106,88
1099,1102,44
1100,1111,114
1100,1106,142
1100,1117,119
1100,1109,141
1100,1105,79
1101,1102,64
1101,1103,70
1101,1104,65
1102,1105,44
1102,1104,65
1102,1107,51
1102,1103,70
1103,1104,72
1103,1125,64
1103,1126,65
1104,1107,52
1104,1126,58
1104,1129,77
1104,1105,46
1104,1125,58
1105,1106,90
1105,1107,32
1105,1108,30
1106,1117,129
1106,1108,94
1106,1119,128
1106,1111,126
1106,1107,96
1107,1108,36
1107,1129,63
1107,1130,45
1107,1126,46
1108,1119,70
1108,1130,42
1108,1141,66
1108,1117,71
1108,1129,61
1109,1110,85
1109,1111,125
1109,1112,87
1110,1113,21
1110,1112,22
1110,1115,21
1110,1111,60
1111,1112,62
1111,1117,102
1111,1118,78
1112,1115,23
1112,1118,42
1112,1121,26
1112,1113,24
1112,1117,66
1113,1114,19
1113,1115,22
1113,1116,20
1114,1256,33
1114,1116,17
1114,1258,22
1114,1115,18
1115,1116,19
1115,1121,24
1115,1122,13
1115,1118,39
1116,1258,23
1116,1122,12
1116,1262,19
1116,1256,34
1116,1121,22
1117,1118,82
1117,1119,105
1117,1120,131
1118,1121,43
1118,1120,107
1118,1123,78
1118,1119,81
1119,1120,131
1119,1141,101
1119,1142,93
1119,1130,78
1120,1123,127
1120,1142,120
1120,1145,171
1120,1121,91
1120,1141,127
1121,1122,16
1121,1123,63
1121,1124,34
1122,1262,13
1122,1124,24
1122,1264,26
1122,1258,17
1122,1123,53
1123,1124,70
1123,1145,142
1123,1146,52
1123,1142,90
1124,1264,43
1124,1146,23
1124,1281,25
1124,1262,30
1124,1145,114
1125,1126,52
1125,1127,44
1125,1128,37
1126,1129,71
1126,1128,38
1126,1131,57
1126,1127,44
1127,1128,29
1127,1133,29
1127,1134,41
1128,1131,42
1128,1134,34
1128,1137,18
1128,1129,55
1128,1133,22
1129,1130,70
1129,1131,75
1129,1132,77
1130,1141,74
1130,1132,59
1130,1143,50
1130,1131,56
1131,1132,64
1131,1137,38
1131,1138,44
1131,1134,54
1132,1143,58
1132,1138,46
1132,1149,43
1132,1141,82
1132,1137,41
1133,1134,34
1133,1135,20
1133,1136,36
1134,1137,29
1134,1136,49
1134,1139,29
1134,1135,31
1135,1136,34
1135,1196,46
1135,1197,40
1135,1162,72
1136,1139,32
1136,1197,58
1136,1200,49
1136,1137,33
1136,1196,63
1137,1138,19
1137,1139,14
1137,1140,25
1138,1149,21
1138,1140,32
1138,1151,23
1138,1143,38
1138,1139,19
1139,1140,25
1139,1200,29
1139,1201,34
1139,1197,39
1140,1151,28
1140,1201,46
1140,1212,32
1140,1149,28
1140,1200,42
1141,1142,90
1141,1143,74
1141,1144,59
1142,1145,135
1142,1144,52
1142,1147,59
1142,1143,66
1143,1144,36
1143,1149,35
1143,1150,38
1144,1147,28
1144,1150,23
1144,1153,23
1144,1145,104
1144,1149,19
1145,1146,96
1145,1147,111
1145,1148,170
1146,1281,7
1146,1148,79
1146,1283,67
1146,1264,25
1146,1147,20
1147,1148,95
1147,1153,29
1147,1154,39
1147,1150,30
1148,1283,142
1148,1154,98
1148,1289,93
1148,1281,82
1148,1153,89
1149,1150,21
1149,1151,18
1149,1152,27
1150,1153,25
1150,1152,31
1150,1155,20
1150,1151,21
1151,1152,28
1151,1212,23
1151,1213,38
1151,1201,37
1152,1155,26
1152,1213,47
1152,1216,39
1152,1153,31
1152,1212,32
1153,1154,34
1153,1155,20
1153,1156,20
1154,1289,38
1154,1156,30
1154,1291,34
1154,1283,86
1154,1155,28
1155,1156,16
1155,1216,27
1155,1217,24
1155,1213,36
1156,1291,20
1156,1217,24
1156,1319,56
1156,1289,24
1156,1216,28
1157,1167,36
1157,1174,32
1157,1184,31
1157,1165,24
1157,1173,33
1158,1161,7
1158,1160,11
1158,1163,10
1158,1159,16
1159,1160,26
1159,1165,23
1159,1166,31
1160,1163,18
1160,1166,25
1160,1169,22
1160,1161,16
1160,1165,17
1161,1162,67
1161,1163,14
1161,1164,49
1162,1196,100
1162,1164,106
1162,1198,77
1162,1163,70
1163,1164,52
1163,1169,20
1163,1170,57
1163,1166,23
1164,1198,58
1164,1170,92
1164,1204,79
1164,1196,80
1164,1169,56
1165,1166,23
1165,1167,28
1165,1168,18
1166,1169,28
1166,1168,27
1166,1171,24
1166,1167,36
1167,1168,31
1167,1184,37
1167,1185,33
1167,1174,37
1168,1171,18
1168,1185,22
1168,1188,15
1168,1169,22
1168,1184,26
1169,1170,61
1169,1171,20
1169,1172,31
1170,1204,85
1170,1172,66
1170,1206,104
1170,1198,63
1170,1171,57
1171,1172,27
1171,1188,12
1171,1189,24
1171,1185,20
1172,1206,73
1172,1189,35
1172,1228,54
1172,1204,53
1172,1188,23
1173,1174,34
1173,1175,44
1173,1176,30
1174,1184,33
1174,1176,28
1174,1186,30
1174,1175,44
1175,1176,39
1175,1181,63
1175,1182,54
1175,1178,60
1176,1186,26
1176,1182,39
1176,1192,15
1176,1184,27
1176,1181,47
1177,1178,37
1177,1179,34
1177,1180,32
1178,1181,69
1178,1180,60
1178,1183,39
1178,1179,62
1179,1180,56
1179,1768,40
1179,1569,72
1180,1183,33
1180,1771,33
1180,1181,64
1180,1768,38
1181,1182,63
1181,1183,41
1182,1192,30
1182,1186,41
1182,1183,32
1183,1771,10
1183,1772,17
1184,1185,28
1184,1186,30
1184,1187,48
1185,1188,17
1185,1187,45
1185,1190,22
1185,1186,26
1186,1187,46
1186,1192,18
1186,1193,16
1187,1190,41
1187,1193,33
1187,1194,41
1187,1188,36
1187,1192,35
1188,1189,21
1188,1190,15
1188,1191,5
1189,1228,53
1189,1191,17
1189,1206,72
1189,1190,27
1190,1191,11
1190,1194,20
1190,1195,24
1190,1193,12
1191,1195,14
1191,1234,18
1191,1228,37
1191,1194,11
1192,1193,6
1193,1194,12
1194,1195,24
1195,1234,32
1196,1197,69
1196,1198,52
1196,1199,57
1197,1200,54
1197,1199,51
1197,1202,53
1197,1198,46
1198,1199,35
1198,1204,50
1198,1205,28
1199,1202,42
1199,1205,32
1199,1208,29
1199,1200,43
1199,1204,55
1200,1201,51
1200,1202,45
1200,1203,41
1201,1212,40
1201,1203,46
1201,1214,44
1201,1202,50
1202,1203,40
1202,1208,32
1202,1209,45
1202,1205,35
1203,1214,34
1203,1209,41
1203,1220,43
1203,1212,31
1203,1208,28
1204,1205,48
1204,1206,91
1204,1207,98
1205,1208,22
1205,1207,75
1205,1210,51
1205,1206,68
1206,1207,118
1206,1228,92
1206,1229,80
1207,1210,101
1207,1229,86
1207,1230,92
1207,1208,71
1207,1228,98
1208,1209,32
1208,1210,48
1208,1211,39
1209,1220,47
1209,1211,52
1209,1222,35
1209,1214,38
1209,1210,62
1210,1211,68
1210,1230,70
1210,1231,72
1210,1229,62
1211,1222,43
1211,1231,62
1211,1240,53
1211,1220,54
1211,1230,59
1212,1213,41
1212,1214,29
1212,1215,35
1213,1216,48
1213,1215,51
1213,1218,38
1213,1214,45
1214,1215,38
1214,1220,41
1214,1221,54
1215,1218,32
1215,1221,60
1215,1224,58
1215,1216,42
1215,1220,47
1216,1217,36
1216,1218,30
1216,1219,32
1217,1319,65
1217,1219,27
1217,1321,61
1217,1291,29
1217,1218,26
1218,1219,21
1218,1224,45
1218,1225,75
1218,1221,47
1219,1321,57
1219,1225,76
1219,1327,60
1219,1319,59
1219,1224,47
1220,1221,63
1220,1222,38
1220,1223,43
1221,1224,73
1221,1223,56
1221,1226,50
1221,1222,51
1222,1223,31
1222,1240,38
1222,1241,27
1222,1231,47
1223,1226,30
1223,1241,33
1223,1244,72
1223,1224,54
1223,1240,43
1224,1225,100
1224,1226,47
1224,1227,87
1225,1327,113
1225,1227,118
1225,1329,70
1225,1321,110
1225,1226,77
1226,1227,65
1226,1244,65
1226,1245,25
1226,1241,25
1227,1329,58
1227,1245,65
1227,1351,65
1227,1327,101
1227,1244,106
1228,1229,61
1229,1230,54
1229,1232,37
1230,1231,63
1230,1232,43
1230,1233,63
1231,1240,57
1231,1233,66
1231,1242,63
1231,1232,45
1232,1233,46
1232,1236,17
1232,1237,21
1232,1235,28
1233,1242,63
1233,1237,41
1233,1248,106
1233,1240,57
1233,1236,36
1234,1235,33
1235,1236,17
1235,1238,27
1236,1237,10
1236,1238,14
1236,1239,41
1237,1248,81
1237,1239,45
1237,1250,96
1237,1242,37
1237,1238,20
1238,1239,49
1238,1796,39
1239,1250,127
1239,1796,64
1239,1806,98
1239,1248,111
1240,1241,38
1240,1242,53
1240,1243,39
1241,1244,66
1241,1243,28
1241,1246,66
1241,1242,43
1242,1243,44
1242,1248,103
1242,1249,104
1243,1246,67
1243,1249,89
1243,1252,33
1243,1244,68
1243,1248,88
1244,1245,65
1244,1246,105
1244,1247,68
1245,1351,25
1245,1247,27
1245,1353,33
1245,1329,19
1245,1246,64
1246,1247,67
1246,1252,72
1246,1253,68
1246,1249,126
1247,1353,34
1247,1253,29
1247,1359,42
1247,1351,26
1247,1252,33
1248,1249,149
1248,1250,163
1248,1251,92
1249,1252,94
1249,1251,93
1249,1254,100
1249,1250,164
1250,1251,108
1250,1806,149
1250,1807,101
1250,1796,117
1251,1254,45
1251,1807,31
1251,1810,33
1251,1252,38
1251,1806,79
1252,1253,34
1252,1254,46
1252,1255,48
1253,1359,43
1253,1255,44
1253,1361,34
1253,1353,35
1253,1254,41
1254,1255,55
1254,1810,42
1254,1811,48
1254,1807,39
1255,1361,48
1255,1811,52
1255,1883,39
1255,1359,58
1255,1810,44
1256,1257,55
1256,1258,40
1256,1259,40
1257,1259,44
1257,1260,42
1257,1258,43
1258,1259,28
1258,1262,24
1258,1263,36
1259,1260,28
1259,1263,36
1259,1266,32
1259,1262,24
1260,1261,21
1260,1266,31
1260,1267,32
1260,1263,35
1261,1267,26
1261,1273,19
1261,1266,25
1262,1263,31
1262,1264,33
1262,1265,32
1263,1266,38
1263,1265,43
1263,1268,35
1263,1264,44
1264,1265,45
1264,1281,28
1264,1282,27
1265,1268,36
1265,1282,26
1265,1285,31
1265,1266,39
1265,1281,27
1266,1267,36
1266,1268,31
1266,1269,41
1267,1273,30
1267,1269,41
1267,1275,34
1267,1268,32
1268,1269,36
1268,1285,22
1268,1286,20
1268,1282,17
1269,1275,37
1269,1286,30
1269,1297,36
1269,1273,34
1269,1285,31
1270,1271,18
1270,1274,24
1270,1277,12
1270,1273,22
1271,1272,17
1271,1277,9
1271,1278,21
1271,1274,21
1272,1278,22
1272,1277,11
1273,1274,25
1273,1275,27
1273,1276,12
1274,1277,15
1274,1276,13
1274,1279,14
1274,1275,28
1275,1276,15
1275,1297,29
1275,1298,37
1275,1286,23
1276,1279,2
1276,1298,23
1276,1301,29
1276,1277,1
1276,1297,14
1277,1278,14
1277,1279,4
1277,1280,44
1278,1280,56
1278,1279,14
1279,1280,44
1279,1301,30
1279,1302,49
1279,1298,24
1280,1302,90
1280,1301,71
1281,1282,9
1281,1283,70
1281,1284,37
1282,1285,12
1282,1284,36
1282,1287,8
1282,1283,69
1283,1284,97
1283,1289,81
1283,1290,140
1284,1287,35
1284,1290,107
1284,1293,91
1284,1285,40
1284,1289,49
1285,1286,15
1285,1287,12
1285,1288,15
1286,1297,21
1286,1288,13
1286,1299,18
1286,1287,11
1287,1288,10
1287,1293,63
1287,1294,35
1287,1290,79
1288,1299,18
1288,1294,38
1288,1305,34
1288,1297,21
1288,1293,66
1289,1290,91
1289,1291,30
1289,1292,70
1290,1293,134
1290,1292,128
1290,1295,161
1290,1291,87
1291,1292,66
1291,1319,60
1291,1320,42
1292,1295,138
1292,1320,82
1292,1323,61
1292,1293,112
1292,1319,101
1293,1294,90
1293,1295,146
1293,1296,135
1294,1305,58
1294,1296,107
1294,1307,93
1294,1299,43
1294,1295,117
1295,1296,161
1295,1323,94
1295,1324,90
1295,1320,115
1296,1307,137
1296,1324,79
1296,1335,123
1296,1305,102
1296,1323,83
1297,1298,36
1297,1299,25
1297,1300,35
1298,1301,50
1298,1300,43
1298,1303,35
1298,1299,33
1299,1300,32
1299,1305,39
1299,1306,22
1300,1303,34
1300,1306,33
1300,1309,27
1300,1301,50
1300,1305,48
1301,1302,76
1301,1303,41
1301,1304,60
1302,1304,80
1302,1313,50
1302,1303,60
1303,1304,45
1303,1309,18
1303,1310,27
1303,1306,24
1304,1313,33
1304,1310,46
1304,1314,56
1304,1309,37
1305,1306,39
1305,1307,88
1305,1308,34
1306,1309,17
1306,1308,18
1306,1311,19
1306,1307,73
1307,1308,68
1307,1335,109
1307,1336,116
1307,1324,66
1308,1311,15
1308,1336,61
1308,1339,18
1308,1309,12
1308,1335,55
1309,1310,19
1309,1311,13
1309,1312,14
1310,1314,38
1310,1312,22
1310,1316,23
1310,1313,15
1310,1311,22
1311,1312,17
1311,1339,19
1311,1340,13
1311,1336,63
1312,1316,18
1312,1340,14
1312,1383,15
1312,1314,33
1312,1339,20
1313,1314,26
1313,1315,32
1314,1315,55
1314,1316,34
1314,1317,47
1315,1317,53
1315,1318,62
1315,1316,40
1316,1317,33
1316,1383,15
1316,1384,16
1316,1340,14
1317,1318,56
1317,1384,30
1317,1387,58
1317,1383,28
1318,1387,68
1318,1388,67
1318,1384,40
1319,1320,77
1319,1321,94
1319,1322,71
1320,1323,38
1320,1322,51
1320,1325,53
1320,1321,75
1321,1322,68
1321,1327,95
1321,1328,73
1322,1325,46
1322,1328,50
1322,1331,30
1322,1323,31
1322,1327,71
1323,1324,12
1323,1325,32
1323,1326,27
1324,1335,52
1324,1326,22
1324,1337,39
1324,1325,28
1325,1326,43
1325,1331,31
1325,1332,28
1325,1328,52
1326,1337,53
1326,1332,23
1326,1343,40
1326,1335,67
1326,1331,27
1327,1328,77
1327,1329,54
1327,1330,59
1328,1331,37
1328,1330,39
1328,1333,35
1328,1329,33
1329,1330,15
1329,1351,18
1329,1352,16
1330,1333,18
1330,1352,22
1330,1355,25
1330,1331,19
1330,1351,23
1331,1332,12
1331,1333,16
1331,1334,21
1332,1343,25
1332,1334,18
1332,1345,19
1332,1337,38
1332,1333,11
1333,1334,21
1333,1355,22
1333,1356,20
1333,1352,19
1334,1345,28
1334,1356,25
1334,1367,27
1334,1343,35
1334,1355,28
1335,1336,103
1335,1337,82
1335,1338,78
1336,1339,65
1336,1338,84
1336,1341,114
1336,1337,88
1337,1338,64
1337,1343,55
1337,1344,50
1338,1341,89
1338,1344,45
1338,1347,36
1338,1339,40
1338,1343,51
1339,1340,15
1339,1341,70
1339,1342,37
1340,1383,10
1340,1342,30
1340,1385,15
1340,1341,65
1341,1342,85
1341,1347,66
1341,1348,133
1341,1344,75
1342,1385,36
1342,1348,99
1342,1391,48
1342,1383,31
1342,1347,33
1343,1344,37
1343,1345,36
1343,1346,43
1344,1347,21
1344,1346,38
1344,1349,40
1344,1345,30
1345,1346,37
1345,1367,27
1345,1368,28
1345,1356,26
1346,1349,46
1346,1368,36
1346,1371,34
1346,1347,28
1346,1367,36
1347,1348,80
1347,1349,31
1347,1350,22
1348,1391,96
1348,1350,90
1348,1393,132
1348,1385,83
1348,1349,98
1349,1350,40
1349,1371,36
1349,1372,45
1349,1368,38
1350,1393,76
1350,1372,37
1350,1401,75
1350,1391,38
1350,1371,28
1351,1352,24
1351,1353,33
1351,1354,31
1352,1355,26
1352,1354,31
1352,1357,36
1352,1353,32
1353,1354,41
1353,1359,49
1353,1360,47
1354,1357,44
1354,1360,46
1354,1363,50
1354,1355,33
1354,1359,48
1355,1356,26
1355,1357,39
1355,1358,24
1356,1367,25
1356,1358,22
1356,1369,22
1356,1357,36
1357,1358,35
1357,1363,54
1357,1364,46
1357,1360,50
1358,1369,20
1358,1364,33
1358,1375,30
1358,1367,23
1358,1363,41
1359,1360,55
1359,1361,48
1359,1362,46
1360,1363,58
1360,1362,44
1360,1365,52
1360,1361,46
1361,1362,38
1361,1883,30
1361,1884,30
1361,1811,42
1362,1365,43
1362,1884,28
1362,1887,41
1362,1363,48
1362,1883,27
1363,1364,52
1363,1365,56
1363,1366,47
1364,1375,42
1364,1366,38
1364,1377,39
1364,1369,32
1364,1365,48
1365,1366,42
1365,1887,49
1365,1888,37
1365,1884,36
1366,1377,32
1366,1888,28
1366,1899,39
1366,1375,36
1366,1887,39
1367,1368,26
1367,1369,23
1367,1370,35
1368,1371,25
1368,1370,35
1368,1373,25
1368,1369,23
1369,1370,31
1369,1375,30
1369,1376,45
1370,1373,34
1370,1376,57
1370,1379,38
1370,1371,33
1370,1375,41
1371,1372,32
1371,1373,24
1371,1374,21
1372,1401,80
1372,1374,30
1372,1403,38
1372,1393,80
1372,1373,34
1373,1374,22
1373,1379,30
1373,1380,30
1373,1376,49
1374,1403,27
1374,1380,27
1374,1409,25
1374,1401,69
1374,1379,27
1375,1376,57
1375,1377,36
1375,1378,47
1376,1379,54
1376,1378,64
1376,1381,50
1376,1377,53
1377,1378,44
1377,1899,40
1377,1900,55
1377,1888,28
1378,1381,40
1378,1900,66
1378,1903,51
1378,1379,44
1378,1899,51
1379,1380,35
1379,1381,30
1379,1382,30
1380,1409,32
1380,1382,30
1380,1411,27
1380,1403,35
1380,1381,30
1381,1382,25
1381,1903,37
1381,1904,26
1381,1900,52
1382,1411,22
1382,1904,26
1382,1933,72
1382,1409,28
1382,1903,37
1383,1384,13
1383,1385,16
1383,1386,18
1384,1387,43
1384,1386,20
1384,1389,10
1384,1385,17
1385,1386,22
1385,1391,32
1385,1392,24
1386,1389,15
1386,1392,26
1386,1395,27
1386,1387,47
1386,1391,34
1387,1388,70
1387,1389,38
1387,1390,76
1388,1390,75
1388,1389,38
1389,1390,43
1389,1395,17
1389,1396,43
1389,1392,16
1390,1396,81
1390,1399,82
1390,1395,55
1391,1392,36
1391,1393,82
1391,1394,29
1392,1395,29
1392,1394,21
1392,1397,20
1392,1393,73
1393,1394,66
1393,1401,118
1393,1402,95
1394,1397,12
1394,1402,43
1394,1405,11
1394,1395,22
1394,1401,66
1395,1396,55
1395,1397,20
1395,1398,18
1396,1399,83
1396,1398,43
1396,1400,92
1396,1397,46
1397,1398,8
1397,1405,11
1397,1406,16
1397,1402,42
1398,1400,55
1398,1406,13
1398,1417,54
1398,1399,46
1398,1405,7
1399,1400,93
1400,1417,101
1400,1406,61
1401,1402,95
1401,1403,77
1401,1404,126
1402,1405,41
1402,1404,103
1402,1407,52
1402,1403,54
1403,1404,85
1403,1409,33
1403,1410,93
1404,1407,84
1404,1410,142
1404,1413,73
1404,1405,71
1404,1409,83
1405,1406,15
1405,1407,21
1405,1408,18
1406,1417,60
1406,1408,24
1406,1418,46
1406,1407,26
1407,1408,30
1407,1413,23
1407,1414,26
1407,1410,92
1408,1418,50
1408,1414,24
1408,1419,33
1408,1417,64
1408,1413,21
1409,1410,91
1409,1411,25
1409,1412,89
1410,1413,82
1410,1412,150
1410,1415,84
1410,1411,85
1411,1412,83
1411,1933,68
1411,1934,134
1411,1904,23
1412,1415,82
1412,1934,198
1412,1937,117
1412,1413,80
1412,1933,133
1413,1414,17
1413,1415,16
1413,1416,19
1414,1419,28
1414,1416,22
1414,1421,21
1414,1418,47
1414,1415,19
1415,1416,21
1415,1937,51
1415,1938,24
1415,1934,133
1416,1421,23
1416,1938,27
1416,1419,30
1416,1937,55
1417,1418,87
1418,1419,55
1418,1420,70
1419,1420,52
1419,1421,30
1419,1422,44
1420,1423,34
1420,1422,58
1420,1424,78
1420,1421,44
1421,1422,36
1421,1938,26
1422,1424,70
1422,1947,47
1422,1423,26
1423,1424,46
1423,1425,8
1424,1425,51
1424,1947,68
1424,1948,50
1425,1948,12
1425,1947,29
1426,1427,14
1426,1428,23
1426,1429,27
1427,1429,27
1427,1431,13
1427,1428,24
1428,1429,37
1428,1433,17
1428,1434,34
1429,1431,26
1429,1434,37
1429,1437,39
1429,1433,20
1430,1441,2
1430,1432,2
1430,1442,4
1430,1431,7
1431,1432,9
1431,1437,26
1431,1438,18
1431,1434,23
1432,1442,7
1432,1438,15
1432,1448,19
1432,1441,5
1432,1437,21
1433,1434,17
1433,1435,14
1433,1436,3
1434,1437,36
1434,1436,20
1434,1439,39
1434,1435,30
1435,1436,17
1435,1456,16
1435,1457,49
1436,1439,25
1436,1457,39
1436,1460,94
1436,1437,22
1436,1456,7
1437,1438,32
1437,1439,41
1437,1440,81
1438,1448,29
1438,1440,75
1438,1450,81
1438,1442,16
1438,1439,35
1439,1440,84
1439,1460,112
1439,1461,74
1439,1457,57
1440,1450,131
1440,1461,115
1440,1471,75
1440,1448,79
1440,1460,154
1441,1442,7
1441,1443,8
1442,1443,10
1442,1448,20
1442,1449,80
1443,1446,71
1443,1449,82
1443,1452,46
1443,1444,65
1443,1448,22
1444,1445,103
1444,1446,126
1444,1447,70
1445,1477,58
1445,1447,52
1445,1479,56
1445,1446,109
1446,1447,76
1446,1452,106
1446,1453,84
1446,1449,143
1447,1479,22
1447,1453,27
1447,1485,21
1447,1477,24
1447,1452,50
1448,1449,93
1448,1450,85
1448,1451,23
1449,1452,117
1449,1451,84
1449,1454,87
1449,1450,145
1450,1451,75
1450,1471,80
1450,1472,83
1450,1461,121
1451,1454,17
1451,1472,22
1451,1475,33
1451,1452,47
1451,1471,19
1452,1453,57
1452,1454,51
1452,1455,55
1453,1485,29
1453,1455,32
1453,1487,35
1453,1479,30
1453,1454,28
1454,1455,25
1454,1475,37
1454,1476,38
1454,1472,25
1455,1487,33
1455,1476,43
1455,1492,41
1455,1485,26
1455,1475,42
1456,1457,38
1456,1458,84
1456,1459,73
1457,1460,125
1457,1459,104
1457,1462,48
1457,1458,116
1458,1459,151
1458,1464,94
1458,1465,95
1459,1462,82
1459,1465,83
1459,1468,92
1459,1460,161
1459,1464,81
1460,1461,144
1460,1462,103
1460,1463,117
1461,1471,65
1461,1463,79
1461,1473,74
1461,1462,65
1462,1463,40
1462,1468,36
1462,1469,22
1462,1465,26
1463,1473,49
1463,1469,36
1463,1471,39
1463,1468,50
1464,1465,25
1464,1466,41
1464,1467,25
1465,1468,36
1465,1467,27
1465,1470,16
1465,1466,44
1466,1467,43
1466,1493,42
1467,1470,16
1467,1468,37
1467,1493,25
1468,1469,33
1468,1470,26
1469,1473,32
1469,1470,12
1471,1472,27
1471,1473,34
1471,1474,37
1472,1475,41
1472,1474,40
1472,1473,37
1473,1474,48
1474,1475,52
1475,1476,55
1476,1492,55
1476,1487,46
1477,1478,29
1477,1479,26
1477,1480,28
1478,1481,29
1478,1480,27
1478,1483,38
1478,1479,26
1479,1480,25
1479,1485,23
1479,1486,23
1480,1483,37
1480,1486,23
1480,1489,32
1480,1481,28
1480,1485,23
1481,1482,39
1481,1483,39
1481,1484,38
1482,1491,54
1482,1484,48
1482,1483,49
1483,1484,48
1483,1489,43
1483,1486,36
1484,1491,53
1484,1489,42
1485,1486,22
1485,1487,29
1485,1488,33
1486,1489,31
1486,1488,33
1486,1490,28
1486,1487,30
1487,1488,39
1487,1492,45
1488,1490,39
1488,1489,40
1488,1492,48
1489,1490,35
1493,1494,15
1495,1503,42
1495,1508,59
1495,1512,23
1495,1501,37
1496,1497,24
1496,1498,27
1496,1499,28
1497,1500,33
1497,1499,33
1497,1498,31
1498,1499,36
1498,1501,44
1498,1502,24
1499,1502,26
1499,1505,23
1499,1500,38
1499,1501,46
1501,1502,34
1501,1503,58
1501,1504,29
1502,1505,12
1502,1504,10
1502,1506,16
1502,1503,39
1503,1504,34
1503,1512,45
1503,1508,80
1504,1506,11
1504,1505,6
1504,1512,16
1505,1506,12
1505,1507,14
1506,1507,19
1506,1514,21
1507,1514,22
1507,1550,19
1508,1512,62
1508,1509,96
1508,1513,63
1509,1513,62
1509,1510,78
1509,1515,61
1509,1512,61
1510,1515,44
1510,1511,78
1510,1516,43
1510,1513,44
1511,1516,60
1511,1521,136
1511,1515,62
1512,1513,27
1513,1515,27
1514,1550,21
1515,1516,26
1516,1521,102
1517,1520,7
1517,1605,9
1517,1518,10
1518,1519,16
1518,1520,13
1519,1538,13
1519,1532,14
1519,1520,13
1520,1605,12
1521,1522,203
1522,1523,196
1523,1525,113
1523,1524,84
1524,1525,34
1524,1534,20
1524,1535,20
1524,1531,22
1525,1535,49
1525,1541,44
1525,1534,50
1526,1528,39
1526,1541,38
1527,1589,28
1527,1529,16
1527,1528,26
1528,1529,18
1529,1589,20
1530,1531,34
1530,1532,19
1530,1533,37
1531,1534,38
1531,1533,42
1531,1536,36
1531,1532,25
1532,1533,27
1532,1538,9
1533,1536,39
1533,1534,40
1533,1538,27
1534,1535,36
1534,1536,35
1534,1537,29
1535,1541,30
1535,1537,29
1535,1536,34
1536,1537,27
1536,1539,42
1537,1539,36
1537,1541,23
1539,1540,89
1540,1614,99
1542,1543,64
1543,1544,75
1544,1545,76
1545,1546,98
1546,1547,91
1547,1548,36
1547,1549,79
1548,1549,45
1548,1562,59
1549,1562,103
1550,1551,24
1551,1552,25
1551,1553,22
1552,1553,18
1552,1554,20
1553,1554,16
1554,1556,41
1554,1557,27
1555,1558,11
1555,1586,10
1555,1591,10
1555,1557,21
1556,1557,51
1557,1558,26
1557,1559,33
1558,1559,22
1558,1591,14
1558,1592,16
1558,1586,14
1559,1560,32
1559,1592,22
1559,1594,38
1559,1591,21
1560,1561,53
1560,1594,41
1560,1595,52
1560,1592,25
1561,1584,86
1561,1595,70
1561,1582,100
1561,1594,58
1562,1563,144
1563,1564,172
1564,1565,144
1565,1567,103
1565,1572,57
1566,1574,99
1566,1580,90
1566,1572,50
1566,1579,101
1567,1568,81
1567,1572,44
1567,1573,61
1568,1570,65
1568,1573,51
1568,1576,86
1568,1572,35
1569,1768,52
1569,1571,79
1569,1769,57
1569,1570,71
1570,1571,65
1570,1576,79
1570,1577,70
1570,1573,45
1571,1769,52
1571,1577,78
1571,1775,74
1571,1768,48
1571,1576,87
1572,1573,16
1572,1574,48
1572,1575,53
1573,1576,66
1573,1575,69
1573,1574,64
1574,1575,101
1574,1580,89
1575,1576,103
1576,1577,91
1577,1775,78
1577,1769,55
1578,1581,88
1578,1583,72
1578,1579,94
1578,1582,108
1579,1580,90
1579,1581,96
1580,1581,85
1581,1583,74
1582,1583,94
1582,1584,116
1583,1584,80
1584,1595,86
1585,1587,20
1585,1590,23
1585,1589,21
1586,1591,15
1586,1588,15
1586,1593,19
1586,1587,22
1587,1588,23
1587,1590,33
1588,1593,21
1588,1591,16
1589,1590,34
1591,1592,15
1591,1593,19
1592,1594,30
1592,1596,70
1592,1593,20
1594,1595,57
1594,1596,86
1595,1596,98
1596,1597,213
1597,1598,228
1598,1600,117
1599,1601,51
1599,1603,39
1599,1600,55
1599,1602,29
1600,1601,75
1601,1603,59
1602,1603,36
1602,1604,42
1603,1604,54
1604,1650,66
1605,1606,13
1606,1608,7
1606,1607,11
1607,1608,6
1607,1609,9
1607,1610,8
1608,1610,4
1608,1611,5
1608,1609,4
1609,1610,7
1610,1611,8
1610,1612,4
1611,1612,6
1611,1613,6
1612,1613,3
1613,1622,4
1613,1623,3
1614,1615,64
1614,1616,45
1615,1616,38
1615,1617,55
1616,1617,35
1616,1618,25
1617,1618,42
1617,1619,37
1618,1619,28
1618,1620,34
1619,1620,30
1619,1630,16
1619,1633,20
1620,1621,30
1620,1633,27
1620,1634,44
1620,1630,22
1621,1634,37
1621,1655,40
1621,1633,20
1622,1623,3
1622,1624,6
1623,1624,4
1624,1625,10
1624,1627,7
1625,1626,10
1625,1627,11
1626,1631,5
1626,1627,5
1627,1628,7
1627,1629,5
1628,1629,4
1628,1636,7
1629,1636,6
1629,1637,6
1630,1633,12
1630,1632,4
1630,1631,6
1631,1632,3
1632,1633,10
1633,1634,33
1633,1635,8
1634,1655,52
1634,1635,25
1634,1657,31
1635,1657,7
1635,1655,28
1636,1637,10
1637,1638,6
1637,1639,8
1638,1639,4
1638,1640,7
1639,1640,7
1639,1641,9
1640,1641,13
1641,1642,20
1642,1644,24
1643,1645,12
1643,1646,18
1643,1644,19
1644,1645,14
1645,1646,13
1645,1647,6
1646,1647,11
1646,1648,17
1647,1648,10
1648,1690,11
1648,1692,12
1649,1654,22
1649,1660,11
1649,1652,9
1649,1659,16
1650,1651,68
1651,1653,57
1651,1652,31
1652,1653,26
1652,1654,13
1653,1654,38
1654,1660,15
1655,1656,37
1655,1657,34
1655,1658,45
1656,1659,15
1656,1658,27
1656,1657,17
1657,1658,24
1657,1661,16
1658,1661,27
1658,1662,43
1658,1659,24
1659,1660,8
1661,1662,34
1662,1663,41
1662,1664,47
1663,1664,38
1663,1665,46
1664,1665,51
1665,1666,56
1666,1667,53
1666,1674,26
1667,1668,27
1667,1674,27
1667,1675,48
1668,1675,20
1668,1676,16
1668,1674,1
1669,1670,38
1669,1671,49
1670,1672,62
1670,1671,68
1672,1673,96
1673,2022,134
1674,1675,21
1675,1676,37
1675,1677,40
1676,1677,35
1676,1678,39
1677,1678,43
1677,1679,48
1678,1679,52
1679,1680,58
1679,1681,41
1680,1681,40
1680,1682,56
1681,1682,38
1682,1683,62
1683,1686,64
1683,1684,42
1684,1686,35
1684,1685,27
1685,1711,37
1685,1714,38
1685,1686,49
1685,1710,22
1687,2064,18
1687,1689,15
1687,2066,10
1687,1688,23
1688,1689,25
1688,1727,21
1688,1728,24
1688,1724,34
1689,2066,12
1689,1728,16
1689,2133,24
1689,2064,20
1689,1727,13
1690,1692,7
1690,1691,8
1690,1693,11
1691,1693,13
1691,1698,6
1691,1692,9
1692,1693,12
1692,1694,7
1693,1694,10
1693,1698,7
1693,1699,9
1694,1696,6
1694,1699,5
1694,1700,4
1694,1698,4
1695,1697,3
1695,1702,4
1695,1696,4
1696,1697,5
1696,1700,3
1696,1701,6
1696,1699,5
1697,1702,5
1697,1701,4
1697,1706,4
1697,1700,2
1698,1699,2
1699,1700,1
1700,1701,3
1701,1706,4
1701,1702,5
1702,1703,6
1702,1706,4
1702,1707,6
1703,1704,6
1703,1707,5
1703,1708,5
1703,1706,5
1704,1705,6
1704,1708,5
1704,1709,7
1704,1707,5
1705,1712,11
1705,1709,7
1705,1718,11
1705,1710,3
1705,1708,5
1706,1707,3
1707,1708,4
1708,1709,6
1709,1718,12
1709,1720,11
1709,1712,13
1710,1711,17
1710,1712,9
1710,1713,3
1711,1714,33
1711,1713,18
1711,1716,24
1711,1712,24
1712,1713,10
1712,1718,18
1712,1719,13
1713,1716,11
1713,1719,6
1713,1721,6
1713,1714,19
1713,1718,10
1714,1715,18
1714,1716,25
1714,1717,23
1715,1723,16
1715,1717,7
1715,1725,3
1715,1716,10
1716,1717,15
1716,1721,13
1716,1722,11
1716,1719,13
1717,1725,9
1717,1722,9
1717,1723,21
1717,1721,12
1718,1719,13
1718,1720,17
1719,1721,9
1719,1720,11
1720,1729,17
1720,1730,9
1721,1722,7
1722,1725,5
1723,1724,31
1723,1725,17
1723,1726,20
1724,1727,23
1724,1726,23
1724,1725,20
1725,1726,8
1726,1727,10
1727,1728,12
1728,2133,22
1728,2066,11
1729,1730,12
1729,1731,12
1730,1731,2
1731,1732,2
1733,1734,16
1733,1735,17
1734,1735,5
1734,1736,12
1735,1736,14
1735,1737,5
1736,1737,11
1736,1738,19
1737,1738,10
1737,1739,3
1738,1739,9
1738,1740,19
1739,1740,11
1740,1741,11
1740,1742,20
1741,1742,10
1741,1743,7
1742,1743,17
1742,1744,14
1743,1744,11
1743,1745,13
1744,1745,9
1745,1748,14
1745,1749,8
1745,1746,6
1746,1748,8
1746,1747,4
1746,1750,1
1747,1750,5
1747,1752,11
1747,1748,13
1748,1749,10
1748,1750,9
1748,1751,8
1749,1751,3
1749,2191,5
1749,1750,3
1750,1751,2
1750,1752,8
1751,2191,4
1752,1753,14
1752,1754,12
1753,1754,11
1753,1755,15
1754,1755,14
1755,1756,8
1755,1757,16
1756,1757,7
1756,1758,3
1757,1758,11
1757,2202,12
1758,2202,7
1758,2204,10
1759,1762,31
1759,2309,18
1759,1760,13
1759,2308,20
1760,1761,27
1760,1762,29
1761,1766,39
1761,1762,44
1762,2309,34
1763,1764,24
1763,1767,7
1763,1766,24
1764,1765,43
1764,1767,18
1765,2234,41
1765,2232,41
1766,1767,18
1768,1769,26
1768,1770,53
1769,1770,57
1769,1775,52
1770,1773,89
1770,1771,48
1770,1775,79
1771,1772,17
1771,1773,51
1771,1774,53
1772,1774,59
1772,1777,50
1772,1773,58
1773,1774,95
1774,1777,87
1774,1781,59
1776,1783,16
1776,1789,19
1776,1790,21
1776,1781,23
1777,1778,89
1777,1781,51
1777,1782,50
1778,1779,101
1778,1782,61
1778,1785,53
1778,1781,62
1779,1780,99
1779,1785,52
1779,1786,63
1779,1782,60
1780,1794,108
1780,1786,64
1780,1799,72
1780,1785,53
1781,1782,22
1781,1783,15
1781,1784,18
1782,1785,12
1782,1784,18
1782,1787,26
1782,1783,14
1783,1784,11
1783,1790,13
1783,1791,4
1783,1789,11
1784,1787,22
1784,1791,9
1784,1792,8
1784,1785,9
1784,1790,16
1785,1786,16
1785,1787,18
1785,1788,19
1786,1799,35
1786,1788,30
1786,1801,23
1786,1794,71
1786,1787,29
1787,1788,32
1787,1792,15
1787,1793,16
1787,1791,17
1788,1801,25
1788,1793,18
1788,1822,25
1788,1799,39
1788,1792,17
1789,1790,15
1790,1791,9
1791,1792,1
1792,1793,1
1793,1822,10
1793,1824,2
1793,1801,10
1794,1795,149
1794,1799,79
1794,1800,64
1795,1797,174
1795,1800,98
1795,1799,113
1796,1806,87
1796,1798,114
1796,1808,147
1796,1797,109
1797,1798,169
1797,1803,93
1797,1800,89
1798,1808,206
1798,1803,97
1798,1814,189
1798,1806,146
1799,1800,28
1799,1801,30
1799,1802,40
1800,1802,24
1800,1804,33
1800,1801,15
1801,1802,27
1801,1822,18
1801,1823,13
1802,1804,45
1802,1823,23
1802,1822,27
1803,1814,114
1803,1805,34
1803,1816,111
1803,1808,130
1803,1804,38
1804,1805,51
1804,1823,31
1805,1816,124
1805,1831,109
1805,1814,127
1806,1807,72
1806,1808,180
1806,1809,183
1807,1810,28
1807,1809,137
1807,1812,104
1807,1808,133
1808,1809,244
1808,1814,224
1808,1815,129
1809,1812,214
1809,1815,133
1809,1818,133
1809,1810,139
1809,1814,227
1810,1811,38
1810,1812,107
1810,1813,142
1811,1883,33
1811,1813,150
1811,1885,107
1811,1812,114
1812,1813,218
1812,1818,100
1812,1819,136
1812,1815,99
1813,1885,211
1813,1819,172
1813,1891,140
1813,1883,137
1813,1818,136
1814,1815,112
1814,1816,204
1814,1817,126
1815,1818,18
1815,1817,31
1815,1820,32
1815,1816,109
1816,1817,123
1816,1831,186
1816,1832,115
1817,1820,46
1817,1832,38
1817,1835,37
1817,1818,31
1817,1831,108
1818,1819,54
1818,1820,32
1818,1821,31
1819,1891,58
1819,1821,67
1819,1893,61
1819,1885,129
1819,1820,69
1820,1821,47
1820,1835,37
1820,1836,40
1820,1832,38
1821,1893,40
1821,1836,40
1821,1915,42
1821,1891,37
1821,1835,37
1822,1823,13
1822,1824,10
1822,1825,24
1823,1825,19
1823,1826,15
1823,1824,5
1824,1825,16
1824,1828,2
1825,1826,28
1825,1828,16
1825,1829,20
1826,1827,20
1826,1829,16
1826,1830,21
1826,1828,12
1827,1833,83
1827,1830,17
1827,1838,52
1827,1831,92
1827,1829,12
1828,1829,5
1829,1830,12
1830,1838,53
1830,1840,107
1830,1833,84
1831,1832,100
1831,1833,161
1831,1834,90
1832,1835,28
1832,1834,19
1832,1833,90
1833,1834,81
1833,1838,120
1833,1839,132
1834,1839,62
1834,1842,18
1834,1835,18
1834,1838,49
1835,1836,30
1835,1837,18
1836,1915,35
1836,1837,21
1836,1917,20
1836,1893,33
1837,1917,8
1837,1843,16
1837,1923,23
1837,1915,24
1837,1842,17
1838,1839,102
1838,1840,144
1838,1841,65
1839,1842,70
1839,1841,77
1839,1844,60
1839,1840,156
1840,1841,120
1840,1850,136
1840,1851,173
1841,1844,24
1841,1851,94
1841,1853,21
1841,1842,33
1841,1850,56
1842,1843,25
1842,1844,17
1842,1845,17
1843,1923,30
1843,1845,15
1843,1917,16
1843,1844,16
1844,1845,7
1844,1853,4
1844,1851,78
1845,1923,22
1845,1853,5
1846,1847,11
1847,1848,24
1847,1849,13
1848,1855,22
1848,1849,20
1848,1857,37
1849,1857,27
1849,1861,39
1849,1868,8
1849,1855,12
1849,1860,38
1850,1851,110
1850,1852,48
1851,1853,75
1851,1852,87
1851,1854,210
1852,1854,149
1852,1856,114
1852,1859,102
1852,1853,13
1852,1855,19
1853,1854,138
1854,1859,225
1854,1856,238
1855,1856,109
1855,1857,29
1855,1858,108
1856,1859,191
1856,1858,203
1856,1857,124
1857,1858,124
1857,1868,26
1857,1869,77
1857,1861,57
1858,1869,157
1858,1872,138
1858,1859,190
1858,1868,105
1860,1861,68
1860,1862,42
1861,1868,40
1861,1862,44
1861,1870,58
1862,1870,32
1862,1865,30
1862,1876,45
1862,1868,13
1863,1864,34
1863,2041,34
1863,2042,14
1863,2029,35
1864,1866,60
1864,2042,31
1864,2045,48
1864,2041,51
1865,1876,58
1865,1867,50
1865,1878,61
1865,1870,44
1865,1866,56
1866,1867,62
1866,2045,56
1866,2046,58
1866,2042,40
1867,1878,69
1867,2046,51
1867,2051,90
1867,1876,65
1867,2045,50
1868,1869,60
1868,1870,27
1868,1871,8
1869,1872,93
1869,1871,60
1869,1874,139
1869,1870,79
1870,1871,28
1870,1876,60
1870,1877,53
1871,1874,87
1871,1877,34
1871,1880,86
1871,1872,41
1871,1876,41
1872,1873,132
1872,1874,120
1872,1875,48
1873,1973,186
1873,1875,105
1873,1975,117
1873,1874,178
1874,1875,94
1874,1880,164
1874,1881,106
1874,1877,113
1875,1975,34
1875,1881,33
1875,1973,101
1875,1880,92
1876,1877,66
1876,1878,77
1876,1879,106
1877,1880,111
1877,1879,99
1877,1882,38
1877,1878,70
1878,1879,109
1878,2051,102
1878,2046,63
1879,1882,78
1879,1880,150
1879,2051,132
1880,1881,104
1880,1882,89
1881,1975,46
1881,1882,30
1883,1884,21
1883,1885,94
1883,1886,79
1884,1887,34
1884,1886,79
1884,1889,91
1884,1885,95
1885,1886,153
1885,1891,98
1885,1892,95
1886,1889,148
1886,1892,79
1886,1895,102
1886,1887,91
1886,1891,82
1887,1888,35
1887,1889,103
1887,1890,129
1888,1899,35
1888,1890,118
1888,1901,70
1888,1889,92
1889,1890,185
1889,1895,113
1889,1896,88
1889,1892,89
1890,1901,164
1890,1896,115
1890,1907,120
1890,1899,129
1890,1895,139
1891,1892,24
1891,1893,30
1891,1894,46
1892,1895,44
1892,1894,43
1892,1897,39
1892,1893,27
1893,1894,50
1893,1915,36
1893,1916,29
1894,1897,61
1894,1916,45
1894,1919,39
1894,1895,67
1894,1915,53
1895,1896,42
1895,1897,62
1895,1898,60
1896,1907,23
1896,1898,36
1896,1909,31
1896,1901,66
1896,1897,37
1897,1898,55
1897,1919,35
1897,1920,37
1897,1916,41
1898,1909,49
1898,1920,36
1898,1925,44
1898,1907,41
1898,1919,34
1899,1900,62
1899,1901,81
1899,1902,80
1900,1903,62
1900,1902,94
1900,1905,113
1900,1901,97
1901,1902,114
1901,1907,71
1901,1908,74
1902,1905,130
1902,1908,73
1902,1911,85
1902,1903,81
1902,1907,69
1903,1904,37
1903,1905,99
1903,1906,82
1904,1933,73
1904,1906,70
1904,1935,74
1904,1905,88
1905,1906,133
1905,1911,104
1905,1912,95
1905,1908,92
1906,1935,119
1906,1912,77
1906,1939,141
1906,1933,116
1906,1911,86
1907,1908,31
1907,1909,36
1907,1910,38
1908,1911,46
1908,1910,41
1908,1913,45
1908,1909,39
1909,1910,46
1909,1925,39
1909,1926,30
1909,1920,30
1910,1913,54
1910,1926,33
1910,1929,37
1910,1911,54
1910,1925,41
1911,1912,49
1911,1913,58
1911,1914,41
1912,1939,104
1912,1914,32
1912,1941,31
1912,1935,81
1912,1913,49
1913,1914,40
1913,1929,41
1913,1930,40
1913,1926,37
1914,1941,21
1914,1930,23
1914,1955,24
1914,1939,95
1914,1929,25
1915,1916,32
1915,1917,23
1915,1918,49
1916,1919,20
1916,1918,41
1916,1921,43
1916,1917,16
1917,1918,33
1917,1923,22
1917,1924,13
1918,1921,59
1918,1924,38
1918,1919,35
1918,1923,47
1919,1920,15
1919,1921,36
1919,1922,27
1920,1925,25
1920,1922,28
1920,1927,38
1920,1921,38
1921,1922,50
1921,1924,39
1922,1927,49
1922,1925,36
1923,1924,28
1925,1926,25
1925,1927,45
1925,1928,31
1926,1929,22
1926,1928,23
1926,1931,20
1926,1927,37
1927,1928,44
1928,1931,27
1928,1929,28
1929,1930,25
1929,1931,25
1929,1932,23
1930,1955,24
1930,1932,21
1930,1957,27
1930,1941,22
1930,1931,24
1931,1932,22
1932,1957,24
1932,1955,23
1933,1934,183
1933,1935,120
1933,1936,87
1934,1937,167
1934,1936,151
1934,1935,185
1935,1936,89
1935,1939,144
1935,1940,75
1936,1940,41
1936,1943,47
1936,1937,70
1936,1939,111
1937,1938,58
1939,1940,98
1939,1941,94
1939,1942,157
1940,1943,33
1940,1942,89
1940,1945,93
1940,1941,25
1941,1942,85
1941,1955,22
1941,1956,23
1942,1945,152
1942,1956,87
1942,1959,144
1942,1943,94
1942,1955,87
1943,1944,32
1943,1945,98
1943,1946,22
1944,1950,27
1944,1946,16
1944,1952,19
1944,1945,90
1945,1946,80
1945,1959,148
1945,1960,82
1945,1956,90
1946,1952,7
1946,1960,6
1946,1965,12
1946,1950,17
1946,1959,72
1947,1948,29
1947,1949,54
1948,1949,36
1949,1954,62
1949,1951,45
1950,1951,29
1950,1952,20
1950,1953,22
1951,1954,46
1951,1953,23
1951,1952,21
1952,1953,13
1952,1965,15
1952,1960,10
1953,1954,39
1953,1965,17
1955,1956,24
1955,1957,27
1955,1958,34
1956,1959,83
1956,1958,33
1956,1961,106
1956,1957,27
1957,1958,36
1958,1961,114
1958,1959,91
1959,1960,74
1959,1961,163
1959,1962,94
1960,1965,14
1960,1962,29
1960,1966,4
1960,1961,98
1961,1962,117
1961,1963,198
1962,1966,23
1962,1963,129
1962,1965,34
1963,1964,172
1963,1967,200
1963,1966,106
1964,1967,160
1964,1993,128
1964,2004,128
1964,1992,66
1965,1966,9
1967,1968,97
1967,2004,155
1967,2005,105
1967,1993,155
1968,2005,15
1968,2004,66
1969,1971,57
1969,1982,47
1969,1981,37
1970,1996,38
1970,1972,47
1970,1998,98
1970,1971,59
1971,1972,63
1971,1985,91
1971,1982,66
1972,1998,102
1972,1985,79
1972,2011,89
1972,1996,41
1973,1974,173
1973,1975,113
1973,1976,123
1974,1977,151
1974,1976,114
1974,1979,117
1974,1975,104
1975,1976,56
1976,1979,68
1976,1977,103
1977,1978,109
1977,1979,105
1977,1980,167
1978,1981,58
1978,1980,136
1978,1983,103
1978,1979,74
1979,1980,131
1980,1983,160
1980,1981,114
1981,1982,46
1981,1983,82
1981,1984,73
1982,1984,82
1982,1986,88
1982,1983,91
1983,1984,119
1984,1986,116
1984,1988,102
1985,2011,116
1985,1987,199
1985,2013,88
1985,1998,129
1985,1986,114
1986,1987,205
1986,1988,107
1986,1989,166
1987,2013,179
1987,1989,250
1987,2011,208
1987,1988,191
1988,1989,152
1988,1990,178
1989,2013,139
1989,1990,236
1990,2104,155
1990,2101,250
1991,1994,84
1991,1997,88
1991,2000,61
1991,1992,11
1991,1996,26
1992,1993,63
1992,1994,74
1992,1995,72
1993,2004,124
1993,1995,134
1993,2006,71
1993,1994,136
1994,1995,146
1994,2000,124
1994,2001,91
1994,1997,151
1995,2006,81
1995,2001,90
1995,2008,89
1995,2004,134
1995,2000,123
1996,1997,93
1996,1998,92
1996,1999,50
1997,2000,128
1997,1999,112
1997,2002,106
1997,1998,154
1998,1999,111
1998,2011,139
1998,2012,89
1999,2002,63
1999,2012,46
1999,2015,49
1999,2000,85
1999,2011,98
2000,2001,68
2000,2002,79
2000,2003,70
2001,2008,34
2001,2003,38
2001,2010,21
2001,2006,26
2001,2002,47
2002,2003,49
2002,2015,44
2002,2012,41
2003,2010,24
2003,2018,21
2003,2008,37
2003,2015,35
2004,2005,74
2004,2006,71
2004,2007,78
2005,2007,28
2005,2006,20
2006,2007,24
2006,2008,24
2006,2009,22
2007,2009,30
2007,2008,33
2008,2009,31
2008,2010,20
2009,2010,17
2010,2018,3
2011,2012,75
2011,2013,98
2011,2014,94
2012,2015,27
2012,2014,43
2012,2016,25
2012,2013,46
2013,2014,65
2014,2016,44
2014,2015,46
2015,2016,27
2015,2017,27
2016,2017,25
2017,2019,33
2017,2018,12
2018,2019,21
2018,2020,6
2019,2020,27
2021,2026,99
2021,2025,73
2021,2024,137
2022,2023,178
2023,2024,193
2024,2025,112
2025,2026,73
2026,2027,95
2027,2030,69
2027,2033,55
2027,2028,61
2028,2029,41
2028,2030,38
2028,2031,63
2029,2041,51
2029,2031,74
2029,2043,60
2029,2030,50
2030,2031,71
2030,2033,32
2030,2034,32
2031,2043,82
2031,2034,56
2031,2047,110
2031,2041,73
2031,2033,57
2032,2035,26
2032,2036,36
2032,2033,25
2033,2034,18
2033,2035,20
2034,2047,70
2034,2043,42
2034,2035,19
2035,2036,29
2036,2037,40
2037,2039,23
2037,2038,41
2038,2039,21
2038,2040,50
2039,2040,32
2040,2056,56
2041,2042,31
2041,2043,58
2041,2044,30
2042,2045,28
2042,2044,11
2042,2043,39
2043,2044,39
2043,2047,95
2043,2048,86
2044,2048,58
2044,2049,89
2044,2045,27
2044,2047,67
2045,2046,45
2046,2051,86
2047,2048,114
2048,2049,136
2049,2050,186
2050,2052,203
2052,2053,249
2053,2054,271
2054,2055,217
2055,2096,223
2056,2057,54
2057,2058,62
2057,2059,32
2058,2059,39
2058,2060,63
2059,2060,35
2060,2070,38
2060,2073,78
2061,2062,22
2061,2065,22
2061,2068,20
2061,2064,21
2062,2063,46
2062,2068,22
2062,2069,16
2062,2065,26
2063,2071,69
2063,2069,37
2063,2068,43
2064,2065,25
2064,2066,15
2064,2067,23
2065,2068,23
2065,2067,24
2065,2066,16
2066,2067,15
2066,2133,18
2067,2068,22
2067,2133,27
2068,2069,13
2069,2071,40
2070,2073,57
2070,2072,45
2070,2071,44
2071,2072,73
2072,2073,85
2073,2074,109
2073,2075,65
2074,2086,90
2074,2075,79
2074,2088,85
2075,2088,40
2075,2086,45
2076,2077,31
2076,2087,19
2076,2086,34
2077,2078,54
2077,2087,41
2078,2083,44
2078,2081,45
2079,2080,17
2079,2084,23
2079,2085,0
2079,2082,27
2080,2116,50
2080,2085,17
2080,2084,41
2081,2082,43
2081,2083,31
2082,2084,51
2082,2083,42
2084,2085,25
2085,2116,32
2086,2087,43
2086,2088,53
2086,2089,46
2087,2089,31
2087,2090,49
2087,2088,39
2088,2089,40
2089,2090,50
2090,2091,57
2091,2092,57
2091,2093,29
2092,2093,37
2092,2094,56
2093,2094,27
2093,2095,18
2094,2095,39
2095,2134,36
2095,2136,17
2096,2097,237
2097,2098,180
2098,2099,187
2098,2100,130
2099,2105,233
2099,2100,176
2099,2102,193
2100,2109,199
2100,2105,175
2101,2104,142
2101,2103,171
2101,2102,195
2102,2103,129
2102,2105,192
2102,2106,114
2103,2106,91
2103,2107,85
2103,2104,76
2103,2105,169
2105,2106,154
2106,2107,71
2107,2108,78
2108,2114,87
2109,2110,238
2110,2111,126
2110,2112,193
2111,2112,124
2111,2113,94
2112,2113,161
2113,2121,143
2113,2122,150
2113,2119,108
2114,2115,57
2116,2117,72
2117,2120,46
2117,2118,71
2118,2119,74
2118,2120,38
2119,2121,118
2119,2120,49
2121,2122,161
2121,2123,134
2122,2123,140
2123,2124,111
2123,2125,89
2124,2125,87
2124,2126,102
2125,2126,79
2126,2127,113
2127,2128,109
2128,2132,50
2128,2129,73
2129,2132,36
2129,2131,43
2129,2130,64
2130,2131,46
2130,2187,56
2130,2181,67
2131,2132,19
2131,2187,33
2134,2136,24
2134,2135,42
2134,2138,26
2135,2138,25
2135,2139,66
2135,2136,24
2136,2137,12
2136,2138,7
2137,2179,25
2137,2138,14
2138,2139,50
2139,2140,77
2140,2144,45
2140,2142,41
2141,2147,16
2141,2163,25
2141,2166,18
2141,2145,36
2141,2162,11
2142,2144,25
2142,2143,43
2143,2146,37
2143,2144,46
2143,2145,58
2145,2146,31
2145,2147,33
2146,2149,11
2146,2147,11
2147,2166,14
2147,2163,22
2148,2150,75
2148,2190,88
2148,2149,46
2149,2150,41
2149,2169,43
2150,2169,72
2151,2152,28
2151,2153,36
2152,2165,27
2152,2160,28
2152,2153,38
2153,2156,40
2153,2154,23
2154,2156,18
2154,2155,18
2155,2157,41
2155,2156,35
2157,2159,35
2157,2158,32
2158,2159,20
2158,2193,28
2159,2193,31
2160,2161,27
2160,2165,23
2161,2164,34
2161,2162,17
2161,2165,26
2162,2163,18
2162,2164,20
2163,2166,23
2163,2167,21
2163,2164,35
2166,2167,13
2166,2168,34
2167,2168,33
2167,2171,25
2168,2170,73
2168,2171,45
2168,2169,63
2169,2170,85
2170,2171,67
2171,2172,62
2172,2175,56
2172,2174,81
2173,2178,45
2173,2210,70
2173,2177,51
2174,2175,50
2174,2176,84
2175,2176,60
2176,2177,72
2177,2178,47
2178,2210,66
2179,2180,21
2180,2182,37
2180,2184,29
2180,2186,25
2181,2187,53
2181,2183,56
2181,2182,64
2182,2183,53
2182,2186,51
2182,2184,54
2183,2187,43
2183,2186,42
2184,2186,42
2184,2185,67
2185,2189,61
2185,2186,64
2185,2188,82
2188,2189,55
2188,2190,85
2189,2190,65
2192,2196,26
2192,2200,21
2192,2195,39
2192,2199,41
2193,2194,52
2194,2195,51
2195,2196,25
2195,2197,29
2196,2197,17
2196,2207,14
2196,2200,8
2197,2207,18
2197,2208,25
2198,2201,21
2198,2203,29
2198,2199,39
2198,2202,21
2199,2200,23
2199,2201,26
2200,2201,6
2201,2203,14
2202,2203,14
2202,2204,10
2202,2205,4
2203,2205,11
2203,2206,20
2203,2204,18
2204,2205,6
2204,2222,7
2204,2223,11
2205,2206,8
2205,2223,5
2205,2225,11
2205,2222,0
2206,2225,20
2206,2223,13
2207,2208,23
2208,2209,41
2209,2215,39
2209,2216,38
2210,2211,85
2211,2213,77
2211,2212,57
2212,2213,55
2212,2214,50
2213,2214,70
2214,2218,71
2215,2216,25
2215,2217,48
2216,2217,47
2216,2220,47
2217,2219,56
2217,2220,71
2217,2218,74
2218,2219,59
2219,2220,56
2220,2221,100
2221,2242,113
2222,2223,6
2222,2224,4
2223,2225,17
2223,2224,9
2223,2226,12
2224,2226,11
2224,2227,5
2224,2229,15
2224,2225,17
2225,2226,20
2226,2229,19
2226,2227,8
2227,2229,11
2227,2228,4
2227,2230,6
2228,2230,9
2228,2233,12
2228,2229,15
2228,2232,19
2229,2230,17
2229,2231,18
2230,2231,13
2230,2235,13
2230,2233,15
2231,2235,15
2231,2236,17
2232,2233,24
2232,2234,31
2233,2234,25
2235,2236,18
2236,2237,10
2236,2238,22
2237,2238,12
2237,2239,7
2238,2239,19
2239,2240,8
2239,2241,13
2240,2241,7
2240,2249,6
2241,2249,11
2241,2250,10
2242,2243,76
2243,2244,50
2243,2245,37
2244,2245,34
2244,2246,47
2245,2246,34
2246,2247,70
2247,2248,85
2248,2252,56
2249,2250,9
2249,2251,12
2250,2251,11
2251,2253,22
2251,2340,19
2251,2252,25
2252,2253,33
2253,2340,29
2253,2341,26
2254,2255,21
2254,2257,14
2254,2256,20
2255,2257,12
2256,2257,10
2258,2278,19
2258,2266,41
2258,2276,22
2258,2265,29
2259,2260,28
2260,2261,28
2261,2263,30
2262,2265,31
2262,2264,33
2262,2263,23
2263,2264,44
2264,2265,50
2265,2266,57
2266,2278,48
2267,2268,14
2267,2288,10
2267,2287,9
2268,2269,23
2268,2288,18
2269,2273,20
2270,2271,17
2270,2275,14
2270,2272,16
2271,2300,26
2271,2298,13
2271,2275,17
2272,2275,17
2272,2274,10
2272,2273,18
2273,2274,10
2274,2275,8
2276,2277,20
2276,2278,29
2277,2279,17
2277,2278,18
2279,2280,20
2280,2286,26
2280,2282,17
2281,2284,23
2281,2283,14
2281,2282,10
2282,2283,23
2282,2286,27
2283,2284,34
2283,2286,30
2284,2285,40
2285,2287,24
2287,2288,11
2289,2291,16
2289,2293,11
2290,2308,19
2290,2292,14
2290,2291,22
2291,2292,22
2291,2293,28
2292,2312,8
2292,2308,20
2293,2295,22
2293,2296,14
2293,2294,16
2294,2295,14
2294,2305,15
2294,2306,4
2294,2302,28
2295,2296,11
2295,2306,10
2295,2305,21
2296,2297,4
2296,2306,1
2297,2314,4
2297,2312,3
2298,2299,21
2298,2300,21
2299,2301,39
2299,2300,34
2301,2302,47
2301,2303,31
2302,2305,35
2302,2303,34
2303,2304,16
2303,2305,20
2304,2307,20
2305,2306,12
2307,2325,28
2308,2309,24
2309,2310,12
2310,2311,5
2310,2315,2
2310,2313,3
2311,2316,3
2311,2315,3
2312,2313,1
2312,2314,1
2313,2315,1
2313,2314,2
2316,2317,6
2317,2318,8
2318,2319,5
2319,2330,4
2320,2326,13
2320,2323,18
2320,2325,24
2320,2322,20
2321,2324,17
2321,2327,19
2321,2322,17
2322,2323,21
2322,2324,22
2323,2326,16
2323,2324,21
2324,2327,24
2325,2326,20
2327,2328,34
2328,2329,54
2330,2331,6
2331,2332,7
2332,2333,8
2333,2334,10
2334,2335,8
2335,2336,10
2336,2337,10
2337,2338,9
2338,2339,7
2339,2342,5
2339,2344,4
2339,2340,15
2340,2341,24
2340,2342,14
2340,2343,29
2341,2343,27
2341,2347,11
2341,2342,12
2342,2343,18
2342,2344,4
2342,2345,10
2343,2347,17
2343,2345,24
2343,2348,24
2343,2344,18
2344,2345,10
2344,2346,18
2345,2348,16
2345,2349,10
2345,2347,9
2345,2346,24
2346,2353,27
2346,2351,16
2347,2348,9
2348,2349,9
2348,2350,21
2349,2350,14
2349,2358,12
2350,2358,24
2351,2353,12
2351,2352,10
2351,2354,0
2352,2354,10
2352,2355,23
2352,2353,21
2353,2354,11
2354,2355,13
2355,2357,24
2355,2356,23
2356,2357,22
2356,2370,27
2357,2370,29
2358,2359,16
2358,2360,20
2359,2360,13
2359,2361,14
2360,2361,18
2360,2362,17
2361,2362,18
2361,2363,21
2362,2363,20
2362,2373,11
2363,2373,14
2363,2374,19
2364,2372,28
2364,2366,36
2364,2371,38
2364,2365,35
2365,2366,33
2365,2367,34
2366,2372,26
2366,2367,35
2367,2368,50
2368,2369,74
2370,2371,36
2371,2372,28
2373,2374,9
2374,2375,13
2374,2376,16
2375,2376,12
2375,2377,9
2376,2377,12
2376,2378,15
2377,2378,12
2377,2379,6
2378,2379,9
2378,2380,14
2379,2380,9
2380,2381,10
2380,2382,13
2381,2382,9
2381,2383,10
2382,2383,11
2383,2384,11
2383,2385,21
2384,2385,19
2384,2386,15
2385,2386,25
2386,2387,31
2387,2388,33
2388,2389,21
2388,2390,22
2389,2390,18
2389,2391,15
2390,2391,17
2392,2393,8
2392,2394,8
2393,2394,6
2393,2395,4
2394,2395,4
2395,2396,6
